name,stop_id,service_provider_name,latitude,longitude,route_id,route_name,line_number,line_colour,colour_hex_code,city,locations,iso,5 Minute Range Area,10 Minute Range Area,15 Minute Range Area,5 Minute Reach Factor,10 Minute Reach Factor,15 Minute Reach Factor,5 Minute Population,10 Minute Population,15 Minute Population
KL SENTRAL,KE1,Express Rail Link,3.132675,101.687891,KE,KLIA Ekspres,6,Purple,#800080,Klang Valley,"[101.687891, 3.132675]","{""type"": ""FeatureCollection"", ""metadata"": {""attribution"": ""openrouteservice.org | OpenStreetMap contributors"", ""service"": ""isochrones"", ""timestamp"": 1688204152970, ""query"": {""profile"": ""foot-walking"", ""locations"": [[101.687891, 3.132675]], ""range"": [900.0], ""range_type"": ""time"", ""attributes"": [""area"", ""reachfactor"", ""total_pop""], ""interval"": 300.0}, ""engine"": {""version"": ""7.1.0"", ""build_date"": ""2023-06-16T03:06:42Z"", ""graph_date"": ""2023-06-20T23:13:06Z""}}, ""bbox"": [101.679331, 3.124049, 101.696712, 3.141634], ""features"": [{""type"": ""Feature"", ""properties"": {""group_index"": 0, ""value"": 300.0, ""center"": [101.6878981, 3.132682], ""area"": 313307.25, ""reachfactor"": 0.8976, ""total_pop"": 2197.0}, ""geometry"": {""coordinates"": [[[101.684986, 3.130893], [101.685019, 3.130591], [101.685034, 3.130545], [101.685778, 3.130338], [101.686511, 3.130173], [101.687435, 3.130003], [101.688157, 3.130375], [101.688578, 3.130689], [101.690165, 3.131963], [101.690414, 3.132223], [101.690423, 3.132252], [101.690428, 3.132289], [101.690428, 3.133651], [101.690051, 3.135466], [101.689758, 3.135675], [101.689637, 3.135676], [101.6863, 3.135545], [101.686111, 3.135437], [101.685245, 3.134679], [101.685035, 3.132159], [101.684986, 3.130893]]], ""type"": ""Polygon""}}, {""type"": ""Feature"", ""properties"": {""group_index"": 0, ""value"": 600.0, ""center"": [101.6878981, 3.132682], ""area"": 1174741.33, ""reachfactor"": 0.8413, ""total_pop"": 11768.0}, ""geometry"": {""coordinates"": [[[101.681792, 3.131667], [101.681948, 3.128864], [101.682036, 3.128515], [101.68304, 3.127584], [101.683358, 3.127414], [101.684997, 3.127428], [101.686625, 3.127577], [101.686863, 3.12764], [101.689481, 3.128512], [101.690789, 3.129203], [101.693202, 3.131108], [101.693688, 3.132453], [101.693011, 3.137238], [101.692927, 3.137484], [101.692685, 3.13775], [101.687521, 3.137318], [101.686333, 3.138099], [101.684921, 3.138441], [101.684622, 3.138244], [101.684187, 3.134341], [101.682102, 3.132058], [101.681947, 3.131862], [101.681792, 3.131667]]], ""type"": ""Polygon""}}, {""type"": ""Feature"", ""properties"": {""group_index"": 0, ""value"": 900.0, ""center"": [101.6878981, 3.132682], ""area"": 2722022.36, ""reachfactor"": 0.8664, ""total_pop"": 19406.0}, ""geometry"": {""coordinates"": [[[101.679331, 3.127288], [101.680294, 3.125493], [101.681376, 3.12419], [101.681711, 3.124059], [101.682426, 3.124049], [101.684569, 3.12503], [101.684708, 3.1251], [101.688283, 3.126868], [101.688782, 3.127247], [101.689282, 3.127627], [101.694591, 3.128927], [101.694675, 3.128926], [101.695421, 3.129623], [101.696037, 3.130331], [101.696133, 3.130678], [101.696712, 3.134898], [101.695278, 3.139515], [101.694551, 3.140905], [101.694194, 3.140948], [101.694094, 3.140924], [101.693149, 3.140669], [101.687339, 3.140795], [101.685922, 3.141634], [101.685723, 3.141632], [101.685563, 3.141605], [101.685375, 3.141537], [101.682427, 3.139283], [101.682064, 3.138829], [101.679734, 3.134598], [101.679601, 3.129902], [101.679331, 3.127288]]], ""type"": ""Polygon""}}]}",0.31330725,1.17474133,2.72202236,0.8976,0.8413,0.8664,2197.0,11768.0,19406.0
KUALA LUMPUR INTERNATIONAL AIRPORT,KE2,Express Rail Link,2.7549259,101.7048248,KE,KLIA Ekspres,6,Purple,#800080,Klang Valley,"[101.7048248, 2.7549259]","{""type"": ""FeatureCollection"", ""metadata"": {""attribution"": ""openrouteservice.org | OpenStreetMap contributors"", ""service"": ""isochrones"", ""timestamp"": 1688204153345, ""query"": {""profile"": ""foot-walking"", ""locations"": [[101.7048248, 2.7549259]], ""range"": [900.0], ""range_type"": ""time"", ""attributes"": [""area"", ""reachfactor"", ""total_pop""], ""interval"": 300.0}, ""engine"": {""version"": ""7.1.0"", ""build_date"": ""2023-06-16T03:06:42Z"", ""graph_date"": ""2023-06-20T23:13:06Z""}}, ""bbox"": [101.694726, 2.750512, 101.70887, 2.761857], ""features"": [{""type"": ""Feature"", ""properties"": {""group_index"": 0, ""value"": 300.0, ""center"": [101.7046531421331, 2.755175657779268], ""area"": 48163.12, ""reachfactor"": 0.138, ""total_pop"": 145.0}, ""geometry"": {""coordinates"": [[[101.701367, 2.753364], [101.701571, 2.753067], [101.702924, 2.753772], [101.703065, 2.753868], [101.703206, 2.753965], [101.703347, 2.754062], [101.703487, 2.754158], [101.703628, 2.754255], [101.703769, 2.754351], [101.70391, 2.754448], [101.704051, 2.754544], [101.704121, 2.754593], [101.704191, 2.754641], [101.704262, 2.754689], [101.704332, 2.754737], [101.704473, 2.754834], [101.704614, 2.754931], [101.704755, 2.755027], [101.704896, 2.755124], [101.705036, 2.75522], [101.705177, 2.755317], [101.705318, 2.755413], [101.705459, 2.75551], [101.706749, 2.756412], [101.706933, 2.756572], [101.707127, 2.756742], [101.707278, 2.756897], [101.707411, 2.757042], [101.707553, 2.757197], [101.707666, 2.757339], [101.707779, 2.757482], [101.707497, 2.757706], [101.705265, 2.756009], [101.701659, 2.753574], [101.701367, 2.753364]]], ""type"": ""Polygon""}}, {""type"": ""Feature"", ""properties"": {""group_index"": 0, ""value"": 600.0, ""center"": [101.7046531421331, 2.755175657779268], ""area"": 183224.92, ""reachfactor"": 0.1312, ""total_pop"": 161.0}, ""geometry"": {""coordinates"": [[[101.697979, 2.752154], [101.698546, 2.751864], [101.698954, 2.751763], [101.699233, 2.751728], [101.699382, 2.751729], [101.699717, 2.751799], [101.699835, 2.751853], [101.699958, 2.751911], [101.702924, 2.753772], [101.703065, 2.753868], [101.703206, 2.753965], [101.703347, 2.754062], [101.703487, 2.754158], [101.703628, 2.754255], [101.703769, 2.754351], [101.70391, 2.754448], [101.704051, 2.754544], [101.704121, 2.754593], [101.704191, 2.754641], [101.704262, 2.754689], [101.704332, 2.754737], [101.704473, 2.754834], [101.704614, 2.754931], [101.704755, 2.755027], [101.704896, 2.755124], [101.705036, 2.75522], [101.705177, 2.755317], [101.705318, 2.755413], [101.705459, 2.75551], [101.706749, 2.756412], [101.706933, 2.756572], [101.707127, 2.756742], [101.707278, 2.756897], [101.707411, 2.757042], [101.707553, 2.757197], [101.707666, 2.757339], [101.707779, 2.757482], [101.70887, 2.759011], [101.708698, 2.760574], [101.708654, 2.760881], [101.708588, 2.761077], [101.708539, 2.761174], [101.708309, 2.761159], [101.708039, 2.76092], [101.705265, 2.756009], [101.703847, 2.754841], [101.698642, 2.75305], [101.698125, 2.752483], [101.697979, 2.752154]]], ""type"": ""Polygon""}}, {""type"": ""Feature"", ""properties"": {""group_index"": 0, ""value"": 900.0, ""center"": [101.7046531421331, 2.755175657779268], ""area"": 543831.89, ""reachfactor"": 0.1731, ""total_pop"": 450.0}, ""geometry"": {""coordinates"": [[[101.694726, 2.75082], [101.694912, 2.750512], [101.699355, 2.751482], [101.699673, 2.75157], [101.699921, 2.751687], [101.70005, 2.751775], [101.702924, 2.753772], [101.703065, 2.753868], [101.703206, 2.753965], [101.703347, 2.754062], [101.703487, 2.754158], [101.703628, 2.754255], [101.703769, 2.754351], [101.70391, 2.754448], [101.704051, 2.754544], [101.704121, 2.754593], [101.704191, 2.754641], [101.704262, 2.754689], [101.704332, 2.754737], [101.704473, 2.754834], [101.704614, 2.754931], [101.704755, 2.755027], [101.704896, 2.755124], [101.705036, 2.75522], [101.705177, 2.755317], [101.705318, 2.755413], [101.705459, 2.75551], [101.706749, 2.756412], [101.706933, 2.756572], [101.707127, 2.756742], [101.707278, 2.756897], [101.707411, 2.757042], [101.707553, 2.757197], [101.707666, 2.757339], [101.707779, 2.757482], [101.70887, 2.759011], [101.708698, 2.760574], [101.708654, 2.760881], [101.708588, 2.761077], [101.708539, 2.761174], [101.708523, 2.761199], [101.708371, 2.761407], [101.70827, 2.761509], [101.708072, 2.761658], [101.707809, 2.761787], [101.707554, 2.76185], [101.707285, 2.761857], [101.707102, 2.761827], [101.706778, 2.761721], [101.706581, 2.761625], [101.706349, 2.761491], [101.705935, 2.761212], [101.705514, 2.760927], [101.705249, 2.760729], [101.704985, 2.760531], [101.705264, 2.759482], [101.701661, 2.755314], [101.699485, 2.75515], [101.69921, 2.754917], [101.695329, 2.751185], [101.694726, 2.75082]]], ""type"": ""Polygon""}}]}",0.048163120000000004,0.18322492,0.54383189,0.138,0.1312,0.1731,145.0,161.0,450.0
KLIA2,KE3,Express Rail Link,2.7445694,101.685081,KE,KLIA Ekspres,6,Purple,#800080,Klang Valley,"[101.685081, 2.7445694]","{""type"": ""FeatureCollection"", ""metadata"": {""attribution"": ""openrouteservice.org | OpenStreetMap contributors"", ""service"": ""isochrones"", ""timestamp"": 1688204153617, ""query"": {""profile"": ""foot-walking"", ""locations"": [[101.685081, 2.7445694]], ""range"": [900.0], ""range_type"": ""time"", ""attributes"": [""area"", ""reachfactor"", ""total_pop""], ""interval"": 300.0}, ""engine"": {""version"": ""7.1.0"", ""build_date"": ""2023-06-16T03:06:42Z"", ""graph_date"": ""2023-06-20T23:13:06Z""}}, ""bbox"": [101.684094, 2.74389, 101.686118, 2.745362], ""features"": [{""type"": ""Feature"", ""properties"": {""group_index"": 0, ""value"": 300.0, ""center"": [101.68507343143949, 2.7445806685505443], ""area"": 10875.16, ""reachfactor"": 0.0312, ""total_pop"": 0.0}, ""geometry"": {""coordinates"": [[[101.684094, 2.743974], [101.684117, 2.74394], [101.684367, 2.74389], [101.684509, 2.743986], [101.68465, 2.744081], [101.684792, 2.744176], [101.684934, 2.744271], [101.685076, 2.744366], [101.685218, 2.744461], [101.68536, 2.744556], [101.685502, 2.744651], [101.685643, 2.744746], [101.685785, 2.744841], [101.685927, 2.744936], [101.686069, 2.745031], [101.686118, 2.745281], [101.686095, 2.745315], [101.685842, 2.745362], [101.685073, 2.744822], [101.684938, 2.744732], [101.684147, 2.744226], [101.684094, 2.743974]]], ""type"": ""Polygon""}}, {""type"": ""Feature"", ""properties"": {""group_index"": 0, ""value"": 600.0, ""center"": [101.68507343143949, 2.7445806685505443], ""area"": 10875.16, ""reachfactor"": 0.0078, ""total_pop"": 0.0}, ""geometry"": {""coordinates"": [[[101.684094, 2.743974], [101.684117, 2.74394], [101.684367, 2.74389], [101.684509, 2.743986], [101.68465, 2.744081], [101.684792, 2.744176], [101.684934, 2.744271], [101.685076, 2.744366], [101.685218, 2.744461], [101.68536, 2.744556], [101.685502, 2.744651], [101.685643, 2.744746], [101.685785, 2.744841], [101.685927, 2.744936], [101.686069, 2.745031], [101.686118, 2.745281], [101.686095, 2.745315], [101.685842, 2.745362], [101.685073, 2.744822], [101.684938, 2.744732], [101.684147, 2.744226], [101.684094, 2.743974]]], ""type"": ""Polygon""}}, {""type"": ""Feature"", ""properties"": {""group_index"": 0, ""value"": 900.0, ""center"": [101.68507343143949, 2.7445806685505443], ""area"": 10875.16, ""reachfactor"": 0.0035, ""total_pop"": 0.0}, ""geometry"": {""coordinates"": [[[101.684094, 2.743974], [101.684117, 2.74394], [101.684367, 2.74389], [101.684509, 2.743986], [101.68465, 2.744081], [101.684792, 2.744176], [101.684934, 2.744271], [101.685076, 2.744366], [101.685218, 2.744461], [101.68536, 2.744556], [101.685502, 2.744651], [101.685643, 2.744746], [101.685785, 2.744841], [101.685927, 2.744936], [101.686069, 2.745031], [101.686118, 2.745281], [101.686095, 2.745315], [101.685842, 2.745362], [101.685073, 2.744822], [101.684938, 2.744732], [101.684147, 2.744226], [101.684094, 2.743974]]], ""type"": ""Polygon""}}]}",0.01087516,0.01087516,0.01087516,0.0312,0.0078,0.0035,0.0,0.0,0.0
KL SENTRAL,MR1,Rapid KL,3.132675,101.687891,MR,KL Monorail Line,8,Light Green,#7dba00,Klang Valley,"[101.687891, 3.132675]","{""type"": ""FeatureCollection"", ""metadata"": {""attribution"": ""openrouteservice.org | OpenStreetMap contributors"", ""service"": ""isochrones"", ""timestamp"": 1688204156791, ""query"": {""profile"": ""foot-walking"", ""locations"": [[101.687891, 3.132675]], ""range"": [900.0], ""range_type"": ""time"", ""attributes"": [""area"", ""reachfactor"", ""total_pop""], ""interval"": 300.0}, ""engine"": {""version"": ""7.1.0"", ""build_date"": ""2023-06-16T03:06:42Z"", ""graph_date"": ""2023-06-20T23:13:06Z""}}, ""bbox"": [101.679331, 3.124049, 101.696712, 3.141634], ""features"": [{""type"": ""Feature"", ""properties"": {""group_index"": 0, ""value"": 300.0, ""center"": [101.6878981, 3.132682], ""area"": 313307.25, ""reachfactor"": 0.8976, ""total_pop"": 2197.0}, ""geometry"": {""coordinates"": [[[101.684986, 3.130893], [101.685019, 3.130591], [101.685034, 3.130545], [101.685778, 3.130338], [101.686511, 3.130173], [101.687435, 3.130003], [101.688157, 3.130375], [101.688578, 3.130689], [101.690165, 3.131963], [101.690414, 3.132223], [101.690423, 3.132252], [101.690428, 3.132289], [101.690428, 3.133651], [101.690051, 3.135466], [101.689758, 3.135675], [101.689637, 3.135676], [101.6863, 3.135545], [101.686111, 3.135437], [101.685245, 3.134679], [101.685035, 3.132159], [101.684986, 3.130893]]], ""type"": ""Polygon""}}, {""type"": ""Feature"", ""properties"": {""group_index"": 0, ""value"": 600.0, ""center"": [101.6878981, 3.132682], ""area"": 1174741.33, ""reachfactor"": 0.8413, ""total_pop"": 11768.0}, ""geometry"": {""coordinates"": [[[101.681792, 3.131667], [101.681948, 3.128864], [101.682036, 3.128515], [101.68304, 3.127584], [101.683358, 3.127414], [101.684997, 3.127428], [101.686625, 3.127577], [101.686863, 3.12764], [101.689481, 3.128512], [101.690789, 3.129203], [101.693202, 3.131108], [101.693688, 3.132453], [101.693011, 3.137238], [101.692927, 3.137484], [101.692685, 3.13775], [101.687521, 3.137318], [101.686333, 3.138099], [101.684921, 3.138441], [101.684622, 3.138244], [101.684187, 3.134341], [101.682102, 3.132058], [101.681947, 3.131862], [101.681792, 3.131667]]], ""type"": ""Polygon""}}, {""type"": ""Feature"", ""properties"": {""group_index"": 0, ""value"": 900.0, ""center"": [101.6878981, 3.132682], ""area"": 2722022.36, ""reachfactor"": 0.8664, ""total_pop"": 19406.0}, ""geometry"": {""coordinates"": [[[101.679331, 3.127288], [101.680294, 3.125493], [101.681376, 3.12419], [101.681711, 3.124059], [101.682426, 3.124049], [101.684569, 3.12503], [101.684708, 3.1251], [101.688283, 3.126868], [101.688782, 3.127247], [101.689282, 3.127627], [101.694591, 3.128927], [101.694675, 3.128926], [101.695421, 3.129623], [101.696037, 3.130331], [101.696133, 3.130678], [101.696712, 3.134898], [101.695278, 3.139515], [101.694551, 3.140905], [101.694194, 3.140948], [101.694094, 3.140924], [101.693149, 3.140669], [101.687339, 3.140795], [101.685922, 3.141634], [101.685723, 3.141632], [101.685563, 3.141605], [101.685375, 3.141537], [101.682427, 3.139283], [101.682064, 3.138829], [101.679734, 3.134598], [101.679601, 3.129902], [101.679331, 3.127288]]], ""type"": ""Polygon""}}]}",0.31330725,1.17474133,2.72202236,0.8976,0.8413,0.8664,2197.0,11768.0,19406.0
CHOW KIT,MR10,Rapid KL,3.167394,101.698385,MR,KL Monorail Line,8,Light Green,#7dba00,Klang Valley,"[101.698385, 3.167394]","{""type"": ""FeatureCollection"", ""metadata"": {""attribution"": ""openrouteservice.org | OpenStreetMap contributors"", ""service"": ""isochrones"", ""timestamp"": 1688204157423, ""query"": {""profile"": ""foot-walking"", ""locations"": [[101.698385, 3.167394]], ""range"": [900.0], ""range_type"": ""time"", ""attributes"": [""area"", ""reachfactor"", ""total_pop""], ""interval"": 300.0}, ""engine"": {""version"": ""7.1.0"", ""build_date"": ""2023-06-16T03:06:42Z"", ""graph_date"": ""2023-06-20T23:13:06Z""}}, ""bbox"": [101.689609, 3.156598, 101.709524, 3.178253], ""features"": [{""type"": ""Feature"", ""properties"": {""group_index"": 0, ""value"": 300.0, ""center"": [101.69837011654243, 3.1673914302871946], ""area"": 405491.36, ""reachfactor"": 1.0, ""total_pop"": 7982.0}, ""geometry"": {""coordinates"": [[[101.695243, 3.168058], [101.695786, 3.166506], [101.696208, 3.165825], [101.696948, 3.164894], [101.697554, 3.164127], [101.697601, 3.164067], [101.697852, 3.163748], [101.697944, 3.163725], [101.698301, 3.163675], [101.698418, 3.163744], [101.700337, 3.165092], [101.701305, 3.166139], [101.701982, 3.167714], [101.701987, 3.168074], [101.701963, 3.168226], [101.6996, 3.17036], [101.698746, 3.171058], [101.6984, 3.171155], [101.698371, 3.171143], [101.697692, 3.170827], [101.695533, 3.169816], [101.695326, 3.169522], [101.695243, 3.168058]]], ""type"": ""Polygon""}}, {""type"": ""Feature"", ""properties"": {""group_index"": 0, ""value"": 600.0, ""center"": [101.69837011654243, 3.1673914302871946], ""area"": 1598112.19, ""reachfactor"": 1.0, ""total_pop"": 24091.0}, ""geometry"": {""coordinates"": [[[101.691966, 3.166907], [101.692171, 3.166624], [101.694818, 3.163231], [101.696227, 3.160891], [101.696731, 3.160315], [101.696898, 3.160163], [101.697154, 3.160087], [101.697245, 3.160065], [101.698269, 3.160499], [101.700089, 3.161316], [101.702954, 3.164044], [101.703141, 3.164221], [101.70421, 3.165289], [101.705734, 3.167765], [101.705733, 3.168125], [101.705042, 3.169309], [101.703281, 3.170884], [101.700242, 3.174464], [101.699303, 3.174768], [101.695217, 3.173039], [101.692654, 3.172178], [101.692411, 3.171912], [101.692392, 3.171739], [101.691966, 3.166907]]], ""type"": ""Polygon""}}, {""type"": ""Feature"", ""properties"": {""group_index"": 0, ""value"": 900.0, ""center"": [101.69837011654243, 3.1673914302871946], ""area"": 3505341.7, ""reachfactor"": 1.0, ""total_pop"": 39875.0}, ""geometry"": {""coordinates"": [[[101.689609, 3.168531], [101.690785, 3.164452], [101.690946, 3.16413], [101.693283, 3.160975], [101.69421, 3.158341], [101.694861, 3.157508], [101.695542, 3.156696], [101.695716, 3.156598], [101.696164, 3.1566], [101.696234, 3.156612], [101.697987, 3.15737], [101.701898, 3.15912], [101.703552, 3.160126], [101.707466, 3.16442], [101.709034, 3.166792], [101.709096, 3.166928], [101.709485, 3.167775], [101.70952, 3.167865], [101.709524, 3.168225], [101.706801, 3.172541], [101.702905, 3.175178], [101.700641, 3.177886], [101.700334, 3.178121], [101.699999, 3.178253], [101.696104, 3.176519], [101.693955, 3.175927], [101.690756, 3.175094], [101.690089, 3.174908], [101.689854, 3.174636], [101.689731, 3.173706], [101.689713, 3.173371], [101.689609, 3.168531]]], ""type"": ""Polygon""}}]}",0.40549135999999997,1.59811219,3.5053417000000002,1.0,1.0,1.0,7982.0,24091.0,39875.0
TITIWANGSA,MR11,Rapid KL,3.173204,101.695964,MR,KL Monorail Line,8,Light Green,#7dba00,Klang Valley,"[101.695964, 3.173204]","{""type"": ""FeatureCollection"", ""metadata"": {""attribution"": ""openrouteservice.org | OpenStreetMap contributors"", ""service"": ""isochrones"", ""timestamp"": 1688204158032, ""query"": {""profile"": ""foot-walking"", ""locations"": [[101.695964, 3.173204]], ""range"": [900.0], ""range_type"": ""time"", ""attributes"": [""area"", ""reachfactor"", ""total_pop""], ""interval"": 300.0}, ""engine"": {""version"": ""7.1.0"", ""build_date"": ""2023-06-16T03:06:42Z"", ""graph_date"": ""2023-06-20T23:13:06Z""}}, ""bbox"": [101.686699, 3.164121, 101.706999, 3.181609], ""features"": [{""type"": ""Feature"", ""properties"": {""group_index"": 0, ""value"": 300.0, ""center"": [101.69596220779448, 3.1732082160995176], ""area"": 252435.9, ""reachfactor"": 0.7232, ""total_pop"": 2392.0}, ""geometry"": {""coordinates"": [[[101.692473, 3.171767], [101.692699, 3.171487], [101.696179, 3.170574], [101.696228, 3.17058], [101.69627, 3.170591], [101.696986, 3.170925], [101.697189, 3.171037], [101.697593, 3.17126], [101.698378, 3.171778], [101.69976, 3.17395], [101.699837, 3.174302], [101.699012, 3.174641], [101.69504, 3.174777], [101.694715, 3.174622], [101.692473, 3.171767]]], ""type"": ""Polygon""}}, {""type"": ""Feature"", ""properties"": {""group_index"": 0, ""value"": 600.0, ""center"": [101.69596220779448, 3.1732082160995176], ""area"": 1166432.83, ""reachfactor"": 0.8354, ""total_pop"": 11255.0}, ""geometry"": {""coordinates"": [[[101.689615, 3.168538], [101.689885, 3.168299], [101.690556, 3.168605], [101.696255, 3.167886], [101.696663, 3.167863], [101.697455, 3.167958], [101.698492, 3.168369], [101.698842, 3.168761], [101.699202, 3.169206], [101.703506, 3.172926], [101.703574, 3.173279], [101.700528, 3.177543], [101.700067, 3.177923], [101.700055, 3.177924], [101.694564, 3.177193], [101.694206, 3.177147], [101.691015, 3.173365], [101.689615, 3.168538]]], ""type"": ""Polygon""}}, {""type"": ""Feature"", ""properties"": {""group_index"": 0, ""value"": 900.0, ""center"": [101.69596220779448, 3.1732082160995176], ""area"": 2871610.84, ""reachfactor"": 0.9141, ""total_pop"": 26236.0}, ""geometry"": {""coordinates"": [[[101.686699, 3.166909], [101.686896, 3.166608], [101.691769, 3.165121], [101.695936, 3.164171], [101.696292, 3.164121], [101.698448, 3.16472], [101.699249, 3.165317], [101.700277, 3.166191], [101.703245, 3.169546], [101.706909, 3.172178], [101.706999, 3.172526], [101.705044, 3.175797], [101.703354, 3.178221], [101.701677, 3.181472], [101.701344, 3.181609], [101.700145, 3.180818], [101.69528, 3.180032], [101.692381, 3.17909], [101.688532, 3.17621], [101.688437, 3.176095], [101.688345, 3.175946], [101.688215, 3.174198], [101.68798, 3.172092], [101.686699, 3.166909]]], ""type"": ""Polygon""}}]}",0.2524359,1.16643283,2.8716108399999998,0.7232,0.8354,0.9141,2392.0,11255.0,26236.0
TUN SAMBANTHAN,MR2,Rapid KL,3.131452,101.690862,MR,KL Monorail Line,8,Light Green,#7dba00,Klang Valley,"[101.690862, 3.131452]","{""type"": ""FeatureCollection"", ""metadata"": {""attribution"": ""openrouteservice.org | OpenStreetMap contributors"", ""service"": ""isochrones"", ""timestamp"": 1688204158416, ""query"": {""profile"": ""foot-walking"", ""locations"": [[101.690862, 3.131452]], ""range"": [900.0], ""range_type"": ""time"", ""attributes"": [""area"", ""reachfactor"", ""total_pop""], ""interval"": 300.0}, ""engine"": {""version"": ""7.1.0"", ""build_date"": ""2023-06-16T03:06:42Z"", ""graph_date"": ""2023-06-20T23:13:06Z""}}, ""bbox"": [101.682467, 3.123423, 101.700247, 3.14158], ""features"": [{""type"": ""Feature"", ""properties"": {""group_index"": 0, ""value"": 300.0, ""center"": [101.6909151543036, 3.131433546858304], ""area"": 336908.54, ""reachfactor"": 0.9652, ""total_pop"": 2615.0}, ""geometry"": {""coordinates"": [[[101.688175, 3.129712], [101.688854, 3.12841], [101.68913, 3.128179], [101.690499, 3.128813], [101.693093, 3.130524], [101.694204, 3.132788], [101.693575, 3.133991], [101.693334, 3.134258], [101.692073, 3.134287], [101.688761, 3.134396], [101.688318, 3.133763], [101.688235, 3.132562], [101.688194, 3.130898], [101.688175, 3.129712]]], ""type"": ""Polygon""}}, {""type"": ""Feature"", ""properties"": {""group_index"": 0, ""value"": 600.0, ""center"": [101.6909151543036, 3.131433546858304], ""area"": 1116259.6, ""reachfactor"": 0.7995, ""total_pop"": 8226.0}, ""geometry"": {""coordinates"": [[[101.685324, 3.132793], [101.685355, 3.128382], [101.685356, 3.128382], [101.686812, 3.126802], [101.687453, 3.126418], [101.687963, 3.126502], [101.688246, 3.126725], [101.689282, 3.127627], [101.695044, 3.128889], [101.695395, 3.128809], [101.696776, 3.130044], [101.696937, 3.130366], [101.696129, 3.131677], [101.695278, 3.136356], [101.694742, 3.137566], [101.694385, 3.137615], [101.691394, 3.136875], [101.686105, 3.135136], [101.685978, 3.135068], [101.685977, 3.135068], [101.685812, 3.13498], [101.685647, 3.134892], [101.685324, 3.132793]]], ""type"": ""Polygon""}}, {""type"": ""Feature"", ""properties"": {""group_index"": 0, ""value"": 900.0, ""center"": [101.6909151543036, 3.131433546858304], ""area"": 2473835.89, ""reachfactor"": 0.7874, ""total_pop"": 16398.0}, ""geometry"": {""coordinates"": [[[101.682467, 3.130976], [101.68249, 3.127311], [101.682665, 3.126591], [101.683245, 3.125544], [101.68349, 3.125281], [101.683928, 3.125077], [101.685212, 3.124512], [101.687912, 3.123423], [101.688271, 3.123442], [101.689625, 3.124238], [101.69448, 3.126557], [101.69673, 3.127059], [101.700092, 3.128782], [101.700247, 3.129107], [101.69993, 3.130923], [101.699713, 3.131364], [101.697585, 3.13423], [101.69744, 3.134471], [101.697296, 3.134711], [101.695718, 3.140228], [101.694867, 3.14148], [101.694521, 3.14158], [101.69444, 3.141546], [101.692928, 3.139965], [101.692331, 3.139314], [101.691518, 3.138426], [101.686906, 3.137202], [101.685133, 3.138034], [101.684812, 3.137871], [101.684187, 3.134341], [101.682534, 3.131507], [101.682467, 3.130976]]], ""type"": ""Polygon""}}]}",0.33690854,1.1162596,2.47383589,0.9652,0.7995,0.7874,2615.0,8226.0,16398.0
MAHARAJALELA,MR3,Rapid KL,3.138948,101.699203,MR,KL Monorail Line,8,Light Green,#7dba00,Klang Valley,"[101.699203, 3.138948]","{""type"": ""FeatureCollection"", ""metadata"": {""attribution"": ""openrouteservice.org | OpenStreetMap contributors"", ""service"": ""isochrones"", ""timestamp"": 1688204158792, ""query"": {""profile"": ""foot-walking"", ""locations"": [[101.699203, 3.138948]], ""range"": [900.0], ""range_type"": ""time"", ""attributes"": [""area"", ""reachfactor"", ""total_pop""], ""interval"": 300.0}, ""engine"": {""version"": ""7.1.0"", ""build_date"": ""2023-06-16T03:06:42Z"", ""graph_date"": ""2023-06-20T23:13:06Z""}}, ""bbox"": [101.691503, 3.130955, 101.708134, 3.146051], ""features"": [{""type"": ""Feature"", ""properties"": {""group_index"": 0, ""value"": 300.0, ""center"": [101.6992026, 3.1389483], ""area"": 149110.31, ""reachfactor"": 0.4272, ""total_pop"": 525.0}, ""geometry"": {""coordinates"": [[[101.696502, 3.139419], [101.696959, 3.137572], [101.69709, 3.137389], [101.698325, 3.136682], [101.700502, 3.136576], [101.701403, 3.136631], [101.702325, 3.136768], [101.702427, 3.137113], [101.698503, 3.139732], [101.69701, 3.140117], [101.697003, 3.140118], [101.696796, 3.139976], [101.696502, 3.139419]]], ""type"": ""Polygon""}}, {""type"": ""Feature"", ""properties"": {""group_index"": 0, ""value"": 600.0, ""center"": [101.6992026, 3.1389483], ""area"": 663982.45, ""reachfactor"": 0.4755, ""total_pop"": 2398.0}, ""geometry"": {""coordinates"": [[[101.693277, 3.140971], [101.69526, 3.136919], [101.698456, 3.134173], [101.698617, 3.134069], [101.698887, 3.133982], [101.699194, 3.133927], [101.699458, 3.133942], [101.699722, 3.133956], [101.702831, 3.134254], [101.704072, 3.134373], [101.704412, 3.134492], [101.705477, 3.134922], [101.705731, 3.135177], [101.704612, 3.137801], [101.70458, 3.137851], [101.704282, 3.138053], [101.699055, 3.139115], [101.698503, 3.139732], [101.6966, 3.142021], [101.696517, 3.142117], [101.696166, 3.142196], [101.695443, 3.142272], [101.695359, 3.142272], [101.695235, 3.142213], [101.693541, 3.141216], [101.693277, 3.140971]]], ""type"": ""Polygon""}}, {""type"": ""Feature"", ""properties"": {""group_index"": 0, ""value"": 900.0, ""center"": [101.6992026, 3.1389483], ""area"": 2055452.95, ""reachfactor"": 0.6543, ""total_pop"": 11268.0}, ""geometry"": {""coordinates"": [[[101.691503, 3.138078], [101.691682, 3.137061], [101.691696, 3.137002], [101.691824, 3.136717], [101.691873, 3.136622], [101.691897, 3.136589], [101.694716, 3.134565], [101.698467, 3.132997], [101.700381, 3.131683], [101.700657, 3.131608], [101.703943, 3.130955], [101.707612, 3.13251], [101.70788, 3.132751], [101.708134, 3.134084], [101.708114, 3.134443], [101.707841, 3.136939], [101.707222, 3.139098], [101.706549, 3.14094], [101.706548, 3.140942], [101.706248, 3.141175], [101.704204, 3.141148], [101.699219, 3.143495], [101.69821, 3.144525], [101.697429, 3.145391], [101.696772, 3.145929], [101.696552, 3.146051], [101.69655, 3.146051], [101.694906, 3.145605], [101.693184, 3.144888], [101.691906, 3.143852], [101.691789, 3.143512], [101.691754, 3.143011], [101.691503, 3.138078]]], ""type"": ""Polygon""}}]}",0.14911031,0.66398245,2.05545295,0.4272,0.4755,0.6543,525.0,2398.0,11268.0
HANG TUAH,MR4,Rapid KL,3.140681,101.706037,MR,KL Monorail Line,8,Light Green,#7dba00,Klang Valley,"[101.706037, 3.140681]","{""type"": ""FeatureCollection"", ""metadata"": {""attribution"": ""openrouteservice.org | OpenStreetMap contributors"", ""service"": ""isochrones"", ""timestamp"": 1688204159279, ""query"": {""profile"": ""foot-walking"", ""locations"": [[101.706037, 3.140681]], ""range"": [900.0], ""range_type"": ""time"", ""attributes"": [""area"", ""reachfactor"", ""total_pop""], ""interval"": 300.0}, ""engine"": {""version"": ""7.1.0"", ""build_date"": ""2023-06-16T03:06:42Z"", ""graph_date"": ""2023-06-20T23:13:06Z""}}, ""bbox"": [101.697222, 3.130074, 101.716131, 3.147791], ""features"": [{""type"": ""Feature"", ""properties"": {""group_index"": 0, ""value"": 300.0, ""center"": [101.7060784521072, 3.140634430659189], ""area"": 254545.44, ""reachfactor"": 0.7292, ""total_pop"": 2814.0}, ""geometry"": {""coordinates"": [[[101.703939, 3.137164], [101.704246, 3.136977], [101.705953, 3.137593], [101.70901, 3.139297], [101.70936, 3.140251], [101.709355, 3.142702], [101.70935, 3.142719], [101.709136, 3.142846], [101.70912, 3.142841], [101.704393, 3.141186], [101.704171, 3.140904], [101.704158, 3.140842], [101.703939, 3.137164]]], ""type"": ""Polygon""}}, {""type"": ""Feature"", ""properties"": {""group_index"": 0, ""value"": 600.0, ""center"": [101.7060784521072, 3.140634430659189], ""area"": 1237479.96, ""reachfactor"": 0.8863, ""total_pop"": 12672.0}, ""geometry"": {""coordinates"": [[[101.700626, 3.137524], [101.702718, 3.13417], [101.704014, 3.13377], [101.704245, 3.133724], [101.704595, 3.133807], [101.708348, 3.135368], [101.710879, 3.136798], [101.711106, 3.137078], [101.712544, 3.139968], [101.712595, 3.140324], [101.712875, 3.142932], [101.712886, 3.14367], [101.712641, 3.143934], [101.712161, 3.1441], [101.709464, 3.144487], [101.706299, 3.144155], [101.705927, 3.144106], [101.70571, 3.144072], [101.701007, 3.142971], [101.70093, 3.142619], [101.700626, 3.137524]]], ""type"": ""Polygon""}}, {""type"": ""Feature"", ""properties"": {""group_index"": 0, ""value"": 900.0, ""center"": [101.7060784521072, 3.140634430659189], ""area"": 3098208.58, ""reachfactor"": 0.9862, ""total_pop"": 28847.0}, ""geometry"": {""coordinates"": [[[101.697222, 3.142767], [101.697526, 3.13971], [101.699222, 3.134289], [101.699241, 3.13393], [101.699871, 3.132421], [101.700255, 3.131717], [101.702764, 3.130212], [101.703097, 3.130074], [101.703246, 3.130085], [101.70844, 3.131768], [101.713385, 3.133962], [101.713554, 3.134121], [101.713564, 3.134133], [101.71576, 3.138579], [101.716131, 3.140932], [101.715722, 3.145545], [101.71561, 3.146119], [101.715586, 3.146233], [101.715278, 3.146419], [101.711195, 3.147791], [101.710976, 3.147761], [101.707215, 3.14718], [101.703944, 3.146499], [101.703209, 3.146301], [101.698415, 3.144177], [101.697979, 3.143673], [101.697222, 3.142767]]], ""type"": ""Polygon""}}]}",0.25454544,1.23747996,3.09820858,0.7292,0.8863,0.9862,2814.0,12672.0,28847.0
IMBI,MR5,Rapid KL,3.142812,101.709447,MR,KL Monorail Line,8,Light Green,#7dba00,Klang Valley,"[101.709447, 3.142812]","{""type"": ""FeatureCollection"", ""metadata"": {""attribution"": ""openrouteservice.org | OpenStreetMap contributors"", ""service"": ""isochrones"", ""timestamp"": 1688204226691, ""query"": {""profile"": ""foot-walking"", ""locations"": [[101.709447, 3.142812]], ""range"": [900.0], ""range_type"": ""time"", ""attributes"": [""area"", ""reachfactor"", ""total_pop""], ""interval"": 300.0}, ""engine"": {""version"": ""7.1.0"", ""build_date"": ""2023-06-16T03:06:42Z"", ""graph_date"": ""2023-06-20T23:13:06Z""}}, ""bbox"": [101.700478, 3.134353, 101.719138, 3.152235], ""features"": [{""type"": ""Feature"", ""properties"": {""group_index"": 0, ""value"": 300.0, ""center"": [101.70944214267905, 3.1428108593012083], ""area"": 294552.58, ""reachfactor"": 0.8438, ""total_pop"": 3787.0}, ""geometry"": {""coordinates"": [[[101.706731, 3.141746], [101.706938, 3.141452], [101.709246, 3.140318], [101.709998, 3.140404], [101.712267, 3.141555], [101.712399, 3.141789], [101.712827, 3.142964], [101.712855, 3.143195], [101.712895, 3.143678], [101.711883, 3.144827], [101.710206, 3.145543], [101.709528, 3.145586], [101.708243, 3.145621], [101.707962, 3.145397], [101.707184, 3.143444], [101.706731, 3.141746]]], ""type"": ""Polygon""}}, {""type"": ""Feature"", ""properties"": {""group_index"": 0, ""value"": 600.0, ""center"": [101.70944214267905, 3.1428108593012083], ""area"": 1351636.82, ""reachfactor"": 0.968, ""total_pop"": 17148.0}, ""geometry"": {""coordinates"": [[[101.703962, 3.141789], [101.703964, 3.141034], [101.704809, 3.138672], [101.705111, 3.138476], [101.705192, 3.138445], [101.710544, 3.13719], [101.714575, 3.13975], [101.715516, 3.140319], [101.7157, 3.140628], [101.715779, 3.141692], [101.715757, 3.145092], [101.715732, 3.145533], [101.715604, 3.146262], [101.712732, 3.148065], [101.711217, 3.148578], [101.710946, 3.148631], [101.710789, 3.148658], [101.708678, 3.14855], [101.70687, 3.148322], [101.706669, 3.148294], [101.706577, 3.148271], [101.704162, 3.145413], [101.70415, 3.145239], [101.703962, 3.141789]]], ""type"": ""Polygon""}}, {""type"": ""Feature"", ""properties"": {""group_index"": 0, ""value"": 900.0, ""center"": [101.70944214267905, 3.1428108593012083], ""area"": 3253561.44, ""reachfactor"": 1.0, ""total_pop"": 38340.0}, ""geometry"": {""coordinates"": [[[101.700478, 3.145791], [101.70082, 3.142582], [101.701255, 3.14026], [101.70191, 3.137083], [101.703896, 3.134353], [101.704239, 3.134461], [101.708891, 3.135605], [101.710477, 3.134989], [101.71234, 3.134537], [101.712926, 3.134401], [101.713218, 3.13461], [101.714441, 3.13559], [101.718942, 3.138866], [101.719138, 3.139168], [101.719086, 3.144942], [101.718849, 3.146619], [101.718747, 3.146908], [101.71842, 3.147552], [101.717729, 3.148902], [101.712937, 3.151255], [101.712261, 3.151703], [101.71218, 3.151729], [101.709948, 3.152235], [101.705962, 3.150638], [101.70397, 3.150256], [101.703706, 3.150221], [101.703442, 3.150186], [101.700604, 3.146274], [101.700557, 3.146142], [101.700478, 3.145791]]], ""type"": ""Polygon""}}]}",0.29455258,1.35163682,3.25356144,0.8438,0.968,1.0,3787.0,17148.0,38340.0
BUKIT BINTANG,MR6,Rapid KL,3.146077,101.711499,MR,KL Monorail Line,8,Light Green,#7dba00,Klang Valley,"[101.711499, 3.146077]","{""type"": ""FeatureCollection"", ""metadata"": {""attribution"": ""openrouteservice.org | OpenStreetMap contributors"", ""service"": ""isochrones"", ""timestamp"": 1688204227178, ""query"": {""profile"": ""foot-walking"", ""locations"": [[101.711499, 3.146077]], ""range"": [900.0], ""range_type"": ""time"", ""attributes"": [""area"", ""reachfactor"", ""total_pop""], ""interval"": 300.0}, ""engine"": {""version"": ""7.1.0"", ""build_date"": ""2023-06-16T03:06:42Z"", ""graph_date"": ""2023-06-20T23:13:06Z""}}, ""bbox"": [101.701846, 3.137536, 101.721616, 3.15578], ""features"": [{""type"": ""Feature"", ""properties"": {""group_index"": 0, ""value"": 300.0, ""center"": [101.711460815403, 3.1460661870618614], ""area"": 367275.37, ""reachfactor"": 1.0, ""total_pop"": 4856.0}, ""geometry"": {""coordinates"": [[[101.708587, 3.144621], [101.708603, 3.1446], [101.711202, 3.143175], [101.712688, 3.142636], [101.712922, 3.142626], [101.713192, 3.142657], [101.713194, 3.14266], [101.713764, 3.1444], [101.714219, 3.146386], [101.714004, 3.147846], [101.713954, 3.148202], [101.713936, 3.148309], [101.712881, 3.148943], [101.711321, 3.149816], [101.711135, 3.14987], [101.710912, 3.149813], [101.709289, 3.148482], [101.708775, 3.147606], [101.708595, 3.14486], [101.708587, 3.144621]]], ""type"": ""Polygon""}}, {""type"": ""Feature"", ""properties"": {""group_index"": 0, ""value"": 600.0, ""center"": [101.711460815403, 3.1460661870618614], ""area"": 1515801.15, ""reachfactor"": 1.0, ""total_pop"": 22640.0}, ""geometry"": {""coordinates"": [[[101.705275, 3.148585], [101.705402, 3.144457], [101.707744, 3.141851], [101.708839, 3.141364], [101.712353, 3.140072], [101.715188, 3.139938], [101.716076, 3.140048], [101.716231, 3.140373], [101.717181, 3.144875], [101.71761, 3.147873], [101.717296, 3.148767], [101.713499, 3.152222], [101.713189, 3.152404], [101.712319, 3.152705], [101.709147, 3.153093], [101.708016, 3.151822], [101.706021, 3.14954], [101.705275, 3.148585]]], ""type"": ""Polygon""}}, {""type"": ""Feature"", ""properties"": {""group_index"": 0, ""value"": 900.0, ""center"": [101.711460815403, 3.1460661870618614], ""area"": 3400187.47, ""reachfactor"": 1.0, ""total_pop"": 46826.0}, ""geometry"": {""coordinates"": [[[101.701846, 3.145611], [101.701878, 3.145535], [101.703857, 3.141907], [101.70507, 3.139209], [101.709832, 3.138035], [101.710372, 3.137924], [101.713711, 3.137641], [101.714874, 3.137536], [101.715997, 3.137886], [101.718986, 3.138838], [101.719044, 3.138865], [101.719394, 3.139042], [101.71949, 3.139389], [101.720264, 3.143044], [101.721616, 3.147747], [101.721505, 3.14809], [101.719576, 3.150439], [101.716357, 3.154013], [101.716301, 3.154062], [101.715216, 3.154627], [101.71416, 3.154951], [101.711076, 3.15564], [101.710656, 3.155696], [101.709204, 3.155768], [101.708975, 3.15578], [101.706443, 3.155299], [101.705964, 3.155185], [101.704762, 3.152788], [101.702153, 3.149663], [101.702058, 3.148696], [101.701846, 3.145611]]], ""type"": ""Polygon""}}]}",0.36727537,1.51580115,3.40018747,1.0,1.0,1.0,4856.0,22640.0,46826.0
RAJA CHULAN,MR7,Rapid KL,3.150837,101.710442,MR,KL Monorail Line,8,Light Green,#7dba00,Klang Valley,"[101.710442, 3.150837]","{""type"": ""FeatureCollection"", ""metadata"": {""attribution"": ""openrouteservice.org | OpenStreetMap contributors"", ""service"": ""isochrones"", ""timestamp"": 1688204227654, ""query"": {""profile"": ""foot-walking"", ""locations"": [[101.710442, 3.150837]], ""range"": [900.0], ""range_type"": ""time"", ""attributes"": [""area"", ""reachfactor"", ""total_pop""], ""interval"": 300.0}, ""engine"": {""version"": ""7.1.0"", ""build_date"": ""2023-06-16T03:06:42Z"", ""graph_date"": ""2023-06-20T23:13:06Z""}}, ""bbox"": [101.700411, 3.140647, 101.720704, 3.160138], ""features"": [{""type"": ""Feature"", ""properties"": {""group_index"": 0, ""value"": 300.0, ""center"": [101.71046110243994, 3.150842087820066], ""area"": 327797.37, ""reachfactor"": 0.9391, ""total_pop"": 8213.0}, ""geometry"": {""coordinates"": [[[101.707514, 3.150566], [101.707989, 3.149332], [101.708008, 3.149296], [101.708236, 3.149017], [101.708681, 3.148559], [101.710835, 3.147378], [101.710915, 3.147379], [101.711266, 3.14746], [101.713622, 3.149666], [101.71378, 3.149989], [101.713026, 3.151472], [101.711892, 3.152327], [101.709145, 3.15402], [101.708349, 3.153837], [101.708225, 3.153743], [101.707992, 3.153468], [101.707575, 3.150921], [101.707514, 3.150566]]], ""type"": ""Polygon""}}, {""type"": ""Feature"", ""properties"": {""group_index"": 0, ""value"": 600.0, ""center"": [101.71046110243994, 3.150842087820066], ""area"": 1553152.6, ""reachfactor"": 1.0, ""total_pop"": 28892.0}, ""geometry"": {""coordinates"": [[[101.704076, 3.150348], [101.704134, 3.149912], [101.704412, 3.148307], [101.704538, 3.147969], [101.70717, 3.145447], [101.707629, 3.145124], [101.708952, 3.144681], [101.711349, 3.14393], [101.711886, 3.143782], [101.712268, 3.143728], [101.714424, 3.14593], [101.716818, 3.147779], [101.716937, 3.147899], [101.717062, 3.148237], [101.717414, 3.149815], [101.717344, 3.150157], [101.716157, 3.153054], [101.715584, 3.153823], [101.713651, 3.154609], [101.71023, 3.156867], [101.709498, 3.156865], [101.705219, 3.155991], [101.7049, 3.155825], [101.704134, 3.150751], [101.704076, 3.150348]]], ""type"": ""Polygon""}}, {""type"": ""Feature"", ""properties"": {""group_index"": 0, ""value"": 900.0, ""center"": [101.71046110243994, 3.150842087820066], ""area"": 3478620.88, ""reachfactor"": 1.0, ""total_pop"": 50287.0}, ""geometry"": {""coordinates"": [[[101.700411, 3.149117], [101.700481, 3.148763], [101.700558, 3.148597], [101.70429, 3.14498], [101.704874, 3.14416], [101.70757, 3.142149], [101.708026, 3.141954], [101.712105, 3.141109], [101.715013, 3.140647], [101.715222, 3.14094], [101.717758, 3.144378], [101.719398, 3.146025], [101.72055, 3.147287], [101.72062, 3.147419], [101.720704, 3.150903], [101.720648, 3.151329], [101.718585, 3.155286], [101.716897, 3.155921], [101.712217, 3.158934], [101.710496, 3.160138], [101.705346, 3.159149], [101.702746, 3.158696], [101.702602, 3.158366], [101.70198, 3.156388], [101.701877, 3.155697], [101.700733, 3.150278], [101.700411, 3.149117]]], ""type"": ""Polygon""}}]}",0.32779737,1.5531526,3.47862088,0.9391,1.0,1.0,8213.0,28892.0,50287.0
BUKIT NANAS,MR8,Rapid KL,3.156244,101.704766,MR,KL Monorail Line,8,Light Green,#7dba00,Klang Valley,"[101.704766, 3.156244]","{""type"": ""FeatureCollection"", ""metadata"": {""attribution"": ""openrouteservice.org | OpenStreetMap contributors"", ""service"": ""isochrones"", ""timestamp"": 1688204228153, ""query"": {""profile"": ""foot-walking"", ""locations"": [[101.704766, 3.156244]], ""range"": [900.0], ""range_type"": ""time"", ""attributes"": [""area"", ""reachfactor"", ""total_pop""], ""interval"": 300.0}, ""engine"": {""version"": ""7.1.0"", ""build_date"": ""2023-06-16T03:06:42Z"", ""graph_date"": ""2023-06-20T23:13:06Z""}}, ""bbox"": [101.694475, 3.147701, 101.715042, 3.165706], ""features"": [{""type"": ""Feature"", ""properties"": {""group_index"": 0, ""value"": 300.0, ""center"": [101.70476697863164, 3.156241225452883], ""area"": 386048.7, ""reachfactor"": 1.0, ""total_pop"": 5299.0}, ""geometry"": {""coordinates"": [[[101.701244, 3.15444], [101.701559, 3.154267], [101.707092, 3.153648], [101.707661, 3.153834], [101.707669, 3.153843], [101.707806, 3.157887], [101.707625, 3.158198], [101.705467, 3.159633], [101.702112, 3.158754], [101.702012, 3.158408], [101.701981, 3.158298], [101.701508, 3.156041], [101.701244, 3.15444]]], ""type"": ""Polygon""}}, {""type"": ""Feature"", ""properties"": {""group_index"": 0, ""value"": 600.0, ""center"": [101.70476697863164, 3.156241225452883], ""area"": 1468027.34, ""reachfactor"": 1.0, ""total_pop"": 22030.0}, ""geometry"": {""coordinates"": [[[101.698157, 3.156461], [101.699185, 3.152468], [101.699354, 3.152151], [101.699527, 3.152243], [101.699701, 3.152336], [101.69989, 3.152478], [101.70041, 3.152784], [101.705657, 3.150668], [101.705779, 3.150329], [101.705954, 3.150255], [101.709846, 3.151236], [101.710351, 3.151495], [101.71086, 3.153148], [101.71115, 3.159122], [101.711201, 3.159613], [101.710838, 3.15999], [101.710557, 3.160214], [101.708831, 3.160759], [101.707773, 3.160564], [101.702922, 3.16196], [101.702844, 3.161983], [101.702599, 3.162042], [101.702496, 3.162006], [101.701152, 3.161415], [101.70004, 3.160862], [101.698463, 3.159543], [101.698282, 3.159261], [101.698157, 3.156461]]], ""type"": ""Polygon""}}, {""type"": ""Feature"", ""properties"": {""group_index"": 0, ""value"": 900.0, ""center"": [101.70476697863164, 3.156241225452883], ""area"": 3352195.23, ""reachfactor"": 1.0, ""total_pop"": 48242.0}, ""geometry"": {""coordinates"": [[[101.694475, 3.156935], [101.694477, 3.156467], [101.695648, 3.153012], [101.696828, 3.149895], [101.697, 3.1497], [101.697906, 3.149353], [101.698272, 3.149265], [101.702298, 3.14933], [101.706349, 3.148556], [101.710764, 3.147701], [101.711115, 3.147779], [101.712282, 3.148953], [101.713, 3.149945], [101.713912, 3.152699], [101.713873, 3.153056], [101.714311, 3.157602], [101.715042, 3.159324], [101.71369, 3.162492], [101.713093, 3.16282], [101.712774, 3.162987], [101.707237, 3.162491], [101.7049, 3.16395], [101.704066, 3.164783], [101.703201, 3.165649], [101.703142, 3.165704], [101.702782, 3.165706], [101.69782, 3.16283], [101.695294, 3.16122], [101.695216, 3.161165], [101.69502, 3.160863], [101.694475, 3.156935]]], ""type"": ""Polygon""}}]}",0.3860487,1.4680273400000001,3.35219523,1.0,1.0,1.0,5299.0,22030.0,48242.0
MEDAN TUANKU,MR9,Rapid KL,3.159271,101.6989,MR,KL Monorail Line,8,Light Green,#7dba00,Klang Valley,"[101.6989, 3.159271]","{""type"": ""FeatureCollection"", ""metadata"": {""attribution"": ""openrouteservice.org | OpenStreetMap contributors"", ""service"": ""isochrones"", ""timestamp"": 1688204228640, ""query"": {""profile"": ""foot-walking"", ""locations"": [[101.6989, 3.159271]], ""range"": [900.0], ""range_type"": ""time"", ""attributes"": [""area"", ""reachfactor"", ""total_pop""], ""interval"": 300.0}, ""engine"": {""version"": ""7.1.0"", ""build_date"": ""2023-06-16T03:06:42Z"", ""graph_date"": ""2023-06-20T23:13:06Z""}}, ""bbox"": [101.690682, 3.151247, 101.708884, 3.169004], ""features"": [{""type"": ""Feature"", ""properties"": {""group_index"": 0, ""value"": 300.0, ""center"": [101.69890553992089, 3.1593165462588892], ""area"": 277860.83, ""reachfactor"": 0.796, ""total_pop"": 2779.0}, ""geometry"": {""coordinates"": [[[101.69547, 3.160731], [101.695939, 3.158626], [101.69606, 3.158522], [101.696154, 3.158472], [101.696478, 3.158315], [101.701472, 3.157773], [101.701671, 3.157807], [101.70269, 3.158328], [101.702834, 3.158658], [101.70223, 3.159843], [101.702117, 3.160063], [101.700471, 3.161819], [101.700111, 3.161829], [101.698404, 3.161786], [101.697471, 3.161666], [101.696273, 3.16127], [101.696206, 3.161249], [101.695731, 3.161076], [101.695708, 3.161062], [101.695668, 3.161032], [101.69547, 3.160731]]], ""type"": ""Polygon""}}, {""type"": ""Feature"", ""properties"": {""group_index"": 0, ""value"": 600.0, ""center"": [101.69890553992089, 3.1593165462588892], ""area"": 1411757.11, ""reachfactor"": 1.0, ""total_pop"": 17034.0}, ""geometry"": {""coordinates"": [[[101.692069, 3.161461], [101.694025, 3.156443], [101.694538, 3.155765], [101.694678, 3.155645], [101.695131, 3.155345], [101.695738, 3.15501], [101.696177, 3.154773], [101.700156, 3.154286], [101.701568, 3.154578], [101.704962, 3.155705], [101.705282, 3.155871], [101.705836, 3.156974], [101.705685, 3.158215], [101.704681, 3.160969], [101.703971, 3.162489], [101.703493, 3.163132], [101.702316, 3.164707], [101.702038, 3.164936], [101.699412, 3.165278], [101.699054, 3.165321], [101.698136, 3.165277], [101.697674, 3.165127], [101.695985, 3.164552], [101.692289, 3.162918], [101.692069, 3.161461]]], ""type"": ""Polygon""}}, {""type"": ""Feature"", ""properties"": {""group_index"": 0, ""value"": 900.0, ""center"": [101.69890553992089, 3.1593165462588892], ""area"": 2960225.79, ""reachfactor"": 0.9423, ""total_pop"": 40914.0}, ""geometry"": {""coordinates"": [[[101.690682, 3.164199], [101.692268, 3.160643], [101.692639, 3.156635], [101.692097, 3.153884], [101.692297, 3.153476], [101.693582, 3.152259], [101.695555, 3.151309], [101.699816, 3.151247], [101.700057, 3.151514], [101.704873, 3.155048], [101.706969, 3.153444], [101.707282, 3.153267], [101.707348, 3.153298], [101.707876, 3.15357], [101.708117, 3.153838], [101.708884, 3.15857], [101.708831, 3.158743], [101.707237, 3.163294], [101.707064, 3.16361], [101.705382, 3.165649], [101.703751, 3.167464], [101.703005, 3.168096], [101.698656, 3.169004], [101.698296, 3.169], [101.698198, 3.168991], [101.6963, 3.168358], [101.691143, 3.166258], [101.690975, 3.16606], [101.690682, 3.164199]]], ""type"": ""Polygon""}}]}",0.27786083,1.4117571100000001,2.96022579,0.796,1.0,0.9423,2779.0,17034.0,40914.0
KL SENTRAL,KS01,Keretapi Tanah Melayu,3.132675,101.687891,KS,Skypark Link,10,Brown,#A52A2A,Klang Valley,"[101.687891, 3.132675]","{""type"": ""FeatureCollection"", ""metadata"": {""attribution"": ""openrouteservice.org | OpenStreetMap contributors"", ""service"": ""isochrones"", ""timestamp"": 1688204374781, ""query"": {""profile"": ""foot-walking"", ""locations"": [[101.687891, 3.132675]], ""range"": [900.0], ""range_type"": ""time"", ""attributes"": [""area"", ""reachfactor"", ""total_pop""], ""interval"": 300.0}, ""engine"": {""version"": ""7.1.0"", ""build_date"": ""2023-06-16T03:06:42Z"", ""graph_date"": ""2023-06-20T23:13:06Z""}}, ""bbox"": [101.679331, 3.124049, 101.696712, 3.141634], ""features"": [{""type"": ""Feature"", ""properties"": {""group_index"": 0, ""value"": 300.0, ""center"": [101.6878981, 3.132682], ""area"": 313307.25, ""reachfactor"": 0.8976, ""total_pop"": 2197.0}, ""geometry"": {""coordinates"": [[[101.684986, 3.130893], [101.685019, 3.130591], [101.685034, 3.130545], [101.685778, 3.130338], [101.686511, 3.130173], [101.687435, 3.130003], [101.688157, 3.130375], [101.688578, 3.130689], [101.690165, 3.131963], [101.690414, 3.132223], [101.690423, 3.132252], [101.690428, 3.132289], [101.690428, 3.133651], [101.690051, 3.135466], [101.689758, 3.135675], [101.689637, 3.135676], [101.6863, 3.135545], [101.686111, 3.135437], [101.685245, 3.134679], [101.685035, 3.132159], [101.684986, 3.130893]]], ""type"": ""Polygon""}}, {""type"": ""Feature"", ""properties"": {""group_index"": 0, ""value"": 600.0, ""center"": [101.6878981, 3.132682], ""area"": 1174741.33, ""reachfactor"": 0.8413, ""total_pop"": 11768.0}, ""geometry"": {""coordinates"": [[[101.681792, 3.131667], [101.681948, 3.128864], [101.682036, 3.128515], [101.68304, 3.127584], [101.683358, 3.127414], [101.684997, 3.127428], [101.686625, 3.127577], [101.686863, 3.12764], [101.689481, 3.128512], [101.690789, 3.129203], [101.693202, 3.131108], [101.693688, 3.132453], [101.693011, 3.137238], [101.692927, 3.137484], [101.692685, 3.13775], [101.687521, 3.137318], [101.686333, 3.138099], [101.684921, 3.138441], [101.684622, 3.138244], [101.684187, 3.134341], [101.682102, 3.132058], [101.681947, 3.131862], [101.681792, 3.131667]]], ""type"": ""Polygon""}}, {""type"": ""Feature"", ""properties"": {""group_index"": 0, ""value"": 900.0, ""center"": [101.6878981, 3.132682], ""area"": 2722022.36, ""reachfactor"": 0.8664, ""total_pop"": 19406.0}, ""geometry"": {""coordinates"": [[[101.679331, 3.127288], [101.680294, 3.125493], [101.681376, 3.12419], [101.681711, 3.124059], [101.682426, 3.124049], [101.684569, 3.12503], [101.684708, 3.1251], [101.688283, 3.126868], [101.688782, 3.127247], [101.689282, 3.127627], [101.694591, 3.128927], [101.694675, 3.128926], [101.695421, 3.129623], [101.696037, 3.130331], [101.696133, 3.130678], [101.696712, 3.134898], [101.695278, 3.139515], [101.694551, 3.140905], [101.694194, 3.140948], [101.694094, 3.140924], [101.693149, 3.140669], [101.687339, 3.140795], [101.685922, 3.141634], [101.685723, 3.141632], [101.685563, 3.141605], [101.685375, 3.141537], [101.682427, 3.139283], [101.682064, 3.138829], [101.679734, 3.134598], [101.679601, 3.129902], [101.679331, 3.127288]]], ""type"": ""Polygon""}}]}",0.31330725,1.17474133,2.72202236,0.8976,0.8413,0.8664,2197.0,11768.0,19406.0
SUBANG JAYA,KS02,Keretapi Tanah Melayu,3.08466,101.588127,KS,Skypark Link,10,Brown,#A52A2A,Klang Valley,"[101.588127, 3.08466]","{""type"": ""FeatureCollection"", ""metadata"": {""attribution"": ""openrouteservice.org | OpenStreetMap contributors"", ""service"": ""isochrones"", ""timestamp"": 1688204375137, ""query"": {""profile"": ""foot-walking"", ""locations"": [[101.588127, 3.08466]], ""range"": [900.0], ""range_type"": ""time"", ""attributes"": [""area"", ""reachfactor"", ""total_pop""], ""interval"": 300.0}, ""engine"": {""version"": ""7.1.0"", ""build_date"": ""2023-06-16T03:06:42Z"", ""graph_date"": ""2023-06-20T23:13:06Z""}}, ""bbox"": [101.579919, 3.07924, 101.59223, 3.091148], ""features"": [{""type"": ""Feature"", ""properties"": {""group_index"": 0, ""value"": 300.0, ""center"": [101.58812449137929, 3.0846280727435196], ""area"": 93775.06, ""reachfactor"": 0.2686, ""total_pop"": 415.0}, ""geometry"": {""coordinates"": [[[101.585854, 3.084543], [101.585996, 3.084212], [101.589549, 3.08393], [101.589792, 3.083921], [101.589805, 3.08428], [101.588696, 3.086385], [101.58866, 3.08641], [101.587084, 3.086529], [101.587047, 3.08653], [101.586182, 3.085901], [101.585854, 3.084543]]], ""type"": ""Polygon""}}, {""type"": ""Feature"", ""properties"": {""group_index"": 0, ""value"": 600.0, ""center"": [101.58812449137929, 3.0846280727435196], ""area"": 285581.37, ""reachfactor"": 0.2045, ""total_pop"": 1649.0}, ""geometry"": {""coordinates"": [[[101.583348, 3.085502], [101.584102, 3.082387], [101.584295, 3.082083], [101.586677, 3.082902], [101.589792, 3.083921], [101.589926, 3.084096], [101.588876, 3.086231], [101.588696, 3.086385], [101.58866, 3.08641], [101.584336, 3.087509], [101.584068, 3.087429], [101.584014, 3.087404], [101.584, 3.08738], [101.583348, 3.085502]]], ""type"": ""Polygon""}}, {""type"": ""Feature"", ""properties"": {""group_index"": 0, ""value"": 900.0, ""center"": [101.58812449137929, 3.0846280727435196], ""area"": 994160.47, ""reachfactor"": 0.3165, ""total_pop"": 8175.0}, ""geometry"": {""coordinates"": [[[101.579919, 3.084031], [101.580765, 3.080716], [101.580895, 3.08048], [101.582436, 3.079778], [101.585204, 3.07924], [101.585512, 3.079426], [101.588325, 3.08147], [101.591333, 3.082455], [101.592173, 3.082991], [101.59223, 3.083347], [101.590789, 3.085578], [101.590585, 3.085874], [101.58866, 3.08641], [101.586921, 3.086544], [101.5837, 3.090404], [101.583575, 3.090741], [101.582943, 3.091148], [101.582605, 3.091025], [101.582536, 3.09092], [101.58156, 3.088448], [101.579926, 3.084391], [101.579919, 3.084031]]], ""type"": ""Polygon""}}]}",0.09377506,0.28558137,0.99416047,0.2686,0.2045,0.3165,415.0,1649.0,8175.0
TERMINAL SKYPARK,KS03,Keretapi Tanah Melayu,3.13442,101.55543,KS,Skypark Link,10,Brown,#A52A2A,Klang Valley,"[101.55543, 3.13442]","{""type"": ""FeatureCollection"", ""metadata"": {""attribution"": ""openrouteservice.org | OpenStreetMap contributors"", ""service"": ""isochrones"", ""timestamp"": 1688204375429, ""query"": {""profile"": ""foot-walking"", ""locations"": [[101.55543, 3.13442]], ""range"": [900.0], ""range_type"": ""time"", ""attributes"": [""area"", ""reachfactor"", ""total_pop""], ""interval"": 300.0}, ""engine"": {""version"": ""7.1.0"", ""build_date"": ""2023-06-16T03:06:42Z"", ""graph_date"": ""2023-06-20T23:13:06Z""}}, ""bbox"": [101.550554, 3.124801, 101.563304, 3.142532], ""features"": [{""type"": ""Feature"", ""properties"": {""group_index"": 0, ""value"": 300.0, ""center"": [101.55530141595109, 3.1342691389458124], ""area"": 64081.52, ""reachfactor"": 0.1836, ""total_pop"": 299.0}, ""geometry"": {""coordinates"": [[[101.553237, 3.134866], [101.553951, 3.133147], [101.555394, 3.131269], [101.555705, 3.13145], [101.555791, 3.132122], [101.555482, 3.133821], [101.554961, 3.13469], [101.554633, 3.134975], [101.553628, 3.135176], [101.553308, 3.135011], [101.553237, 3.134866]]], ""type"": ""Polygon""}}, {""type"": ""Feature"", ""properties"": {""group_index"": 0, ""value"": 600.0, ""center"": [101.55530141595109, 3.1342691389458124], ""area"": 319204.77, ""reachfactor"": 0.2286, ""total_pop"": 2177.0}, ""geometry"": {""coordinates"": [[[101.551977, 3.136858], [101.551983, 3.136745], [101.552574, 3.135692], [101.553951, 3.133147], [101.556822, 3.128614], [101.557294, 3.128035], [101.557603, 3.128221], [101.559658, 3.131451], [101.559661, 3.131811], [101.554961, 3.13469], [101.552996, 3.138406], [101.552856, 3.138598], [101.552498, 3.138555], [101.551977, 3.136858]]], ""type"": ""Polygon""}}, {""type"": ""Feature"", ""properties"": {""group_index"": 0, ""value"": 900.0, ""center"": [101.55530141595109, 3.1342691389458124], ""area"": 787783.32, ""reachfactor"": 0.2508, ""total_pop"": 4758.0}, ""geometry"": {""coordinates"": [[[101.550554, 3.140285], [101.550554, 3.14024], [101.550607, 3.139884], [101.551983, 3.136745], [101.553235, 3.130889], [101.553268, 3.130581], [101.553309, 3.130554], [101.557478, 3.127446], [101.558121, 3.126412], [101.558717, 3.125383], [101.559184, 3.124801], [101.559495, 3.124982], [101.562007, 3.130405], [101.563304, 3.131453], [101.563299, 3.131813], [101.563095, 3.13181], [101.56289, 3.131807], [101.560478, 3.131802], [101.560287, 3.131806], [101.560096, 3.131809], [101.554961, 3.13469], [101.5534, 3.137776], [101.5527, 3.140342], [101.552601, 3.14119], [101.552499, 3.14205], [101.552453, 3.142291], [101.552406, 3.142532], [101.552053, 3.142464], [101.550554, 3.140285]]], ""type"": ""Polygon""}}]}",0.06408152,0.31920477,0.78778332,0.1836,0.2286,0.2508,299.0,2177.0,4758.0
SUNWAY-SETIA JAYA,SB1,Rapid Bus,3.08292,101.61228,SB,BRT Sunway Line,B1,Dark Green,#1E4D2B,Klang Valley,"[101.61228, 3.08292]","{""type"": ""FeatureCollection"", ""metadata"": {""attribution"": ""openrouteservice.org | OpenStreetMap contributors"", ""service"": ""isochrones"", ""timestamp"": 1688204376783, ""query"": {""profile"": ""foot-walking"", ""locations"": [[101.61228, 3.08292]], ""range"": [900.0], ""range_type"": ""time"", ""attributes"": [""area"", ""reachfactor"", ""total_pop""], ""interval"": 300.0}, ""engine"": {""version"": ""7.1.0"", ""build_date"": ""2023-06-16T03:06:42Z"", ""graph_date"": ""2023-06-20T23:13:06Z""}}, ""bbox"": [101.601723, 3.074137, 101.622437, 3.087838], ""features"": [{""type"": ""Feature"", ""properties"": {""group_index"": 0, ""value"": 300.0, ""center"": [101.612191, 3.0828182], ""area"": 211169.21, ""reachfactor"": 0.605, ""total_pop"": 2256.0}, ""geometry"": {""coordinates"": [[[101.609259, 3.083327], [101.609296, 3.082969], [101.610199, 3.080968], [101.610446, 3.080592], [101.610583, 3.08047], [101.61152, 3.079689], [101.611744, 3.079639], [101.612058, 3.079699], [101.613499, 3.080711], [101.615214, 3.083632], [101.615167, 3.083989], [101.613363, 3.084237], [101.613213, 3.084215], [101.609259, 3.083327]]], ""type"": ""Polygon""}}, {""type"": ""Feature"", ""properties"": {""group_index"": 0, ""value"": 600.0, ""center"": [101.612191, 3.0828182], ""area"": 720090.29, ""reachfactor"": 0.5157, ""total_pop"": 6216.0}, ""geometry"": {""coordinates"": [[[101.605285, 3.082878], [101.606553, 3.081729], [101.609877, 3.077278], [101.609932, 3.077222], [101.609988, 3.077167], [101.611921, 3.075813], [101.611927, 3.075813], [101.612613, 3.076297], [101.613604, 3.077261], [101.613607, 3.077448], [101.613605, 3.078764], [101.613596, 3.079124], [101.616474, 3.083814], [101.617766, 3.083981], [101.619059, 3.084148], [101.619013, 3.084505], [101.613363, 3.084237], [101.607961, 3.084814], [101.606612, 3.084662], [101.606526, 3.084576], [101.605291, 3.083238], [101.605285, 3.082878]]], ""type"": ""Polygon""}}, {""type"": ""Feature"", ""properties"": {""group_index"": 0, ""value"": 900.0, ""center"": [101.612191, 3.0828182], ""area"": 1693580.23, ""reachfactor"": 0.5391, ""total_pop"": 13321.0}, ""geometry"": {""coordinates"": [[[101.601723, 3.083461], [101.601731, 3.083102], [101.605323, 3.079478], [101.607884, 3.075488], [101.608334, 3.074621], [101.609174, 3.074217], [101.609817, 3.074137], [101.613451, 3.074675], [101.614299, 3.075616], [101.615062, 3.076472], [101.615858, 3.077667], [101.61586, 3.077854], [101.615861, 3.078039], [101.615861, 3.07804], [101.615864, 3.078226], [101.615868, 3.078412], [101.617998, 3.084003], [101.618202, 3.084038], [101.618375, 3.08406], [101.618462, 3.084071], [101.618548, 3.084082], [101.618721, 3.084105], [101.618894, 3.084127], [101.619059, 3.084148], [101.619067, 3.084149], [101.620827, 3.084027], [101.621, 3.084043], [101.622437, 3.084758], [101.622345, 3.085106], [101.620803, 3.085493], [101.620444, 3.085481], [101.620388, 3.085468], [101.616601, 3.084194], [101.616428, 3.084171], [101.613363, 3.084237], [101.612482, 3.084393], [101.612189, 3.084309], [101.607249, 3.087709], [101.607122, 3.087837], [101.607073, 3.087838], [101.604495, 3.087488], [101.603544, 3.087332], [101.603315, 3.087054], [101.601723, 3.083461]]], ""type"": ""Polygon""}}]}",0.21116921,0.72009029,1.69358023,0.605,0.5157,0.5391,2256.0,6216.0,13321.0
MENTARI,SB2,Rapid Bus,3.07613,101.61023,SB,BRT Sunway Line,B1,Dark Green,#1E4D2B,Klang Valley,"[101.61023, 3.07613]","{""type"": ""FeatureCollection"", ""metadata"": {""attribution"": ""openrouteservice.org | OpenStreetMap contributors"", ""service"": ""isochrones"", ""timestamp"": 1688204377116, ""query"": {""profile"": ""foot-walking"", ""locations"": [[101.61023, 3.07613]], ""range"": [900.0], ""range_type"": ""time"", ""attributes"": [""area"", ""reachfactor"", ""total_pop""], ""interval"": 300.0}, ""engine"": {""version"": ""7.1.0"", ""build_date"": ""2023-06-16T03:06:42Z"", ""graph_date"": ""2023-06-20T23:13:06Z""}}, ""bbox"": [101.600147, 3.0681, 101.617074, 3.084415], ""features"": [{""type"": ""Feature"", ""properties"": {""group_index"": 0, ""value"": 300.0, ""center"": [101.61027804441044, 3.0761293729574577], ""area"": 313259.22, ""reachfactor"": 0.8974, ""total_pop"": 3478.0}, ""geometry"": {""coordinates"": [[[101.60695, 3.075837], [101.606955, 3.075477], [101.607034, 3.075388], [101.607916, 3.074501], [101.608472, 3.073932], [101.608832, 3.07393], [101.611859, 3.074381], [101.612128, 3.074422], [101.612396, 3.074464], [101.612941, 3.074845], [101.613066, 3.074948], [101.613541, 3.07607], [101.613538, 3.076221], [101.613524, 3.076677], [101.61266, 3.077721], [101.61262, 3.07776], [101.611334, 3.079026], [101.610982, 3.07938], [101.610478, 3.079877], [101.610118, 3.079873], [101.61, 3.079763], [101.608977, 3.078813], [101.607241, 3.076289], [101.60695, 3.075837]]], ""type"": ""Polygon""}}, {""type"": ""Feature"", ""properties"": {""group_index"": 0, ""value"": 600.0, ""center"": [101.61027804441044, 3.0761293729574577], ""area"": 1017550.95, ""reachfactor"": 0.7288, ""total_pop"": 10192.0}, ""geometry"": {""coordinates"": [[[101.603542, 3.076279], [101.603795, 3.07517], [101.604426, 3.074242], [101.604574, 3.074042], [101.605539, 3.073273], [101.609174, 3.070919], [101.609416, 3.070804], [101.609718, 3.071001], [101.613451, 3.074675], [101.614612, 3.079159], [101.613263, 3.081036], [101.612235, 3.082285], [101.61176, 3.082284], [101.610187, 3.082292], [101.609827, 3.082288], [101.608447, 3.081805], [101.604423, 3.077798], [101.604389, 3.077764], [101.603543, 3.076384], [101.603542, 3.076279]]], ""type"": ""Polygon""}}, {""type"": ""Feature"", ""properties"": {""group_index"": 0, ""value"": 900.0, ""center"": [101.61027804441044, 3.0761293729574577], ""area"": 2038238.22, ""reachfactor"": 0.6488, ""total_pop"": 20529.0}, ""geometry"": {""coordinates"": [[[101.600147, 3.075178], [101.600673, 3.074311], [101.601895, 3.072599], [101.602098, 3.07244], [101.602388, 3.072218], [101.603011, 3.071832], [101.603459, 3.071819], [101.603907, 3.071807], [101.605688, 3.071593], [101.610049, 3.068539], [101.61052, 3.0681], [101.61088, 3.068101], [101.610972, 3.068193], [101.611157, 3.068382], [101.613207, 3.071917], [101.616659, 3.076568], [101.616781, 3.077032], [101.617036, 3.07799], [101.617074, 3.078149], [101.616133, 3.079663], [101.614481, 3.083895], [101.613337, 3.084415], [101.613216, 3.084397], [101.607621, 3.083285], [101.607441, 3.083181], [101.604364, 3.08017], [101.600609, 3.076145], [101.600159, 3.075647], [101.600157, 3.075581], [101.600153, 3.075412], [101.600147, 3.075178]]], ""type"": ""Polygon""}}]}",0.31325921999999995,1.01755095,2.0382382199999998,0.8974,0.7288,0.6488,3478.0,10192.0,20529.0
SUNWAY LAGOON,SB3,Rapid Bus,3.07065,101.61079,SB,BRT Sunway Line,B1,Dark Green,#1E4D2B,Klang Valley,"[101.61079, 3.07065]","{""type"": ""FeatureCollection"", ""metadata"": {""attribution"": ""openrouteservice.org | OpenStreetMap contributors"", ""service"": ""isochrones"", ""timestamp"": 1688204377444, ""query"": {""profile"": ""foot-walking"", ""locations"": [[101.61079, 3.07065]], ""range"": [900.0], ""range_type"": ""time"", ""attributes"": [""area"", ""reachfactor"", ""total_pop""], ""interval"": 300.0}, ""engine"": {""version"": ""7.1.0"", ""build_date"": ""2023-06-16T03:06:42Z"", ""graph_date"": ""2023-06-20T23:13:06Z""}}, ""bbox"": [101.602285, 3.059302, 101.613859, 3.07915], ""features"": [{""type"": ""Feature"", ""properties"": {""group_index"": 0, ""value"": 300.0, ""center"": [101.6107854506075, 3.070650012400999], ""area"": 262217.52, ""reachfactor"": 0.7512, ""total_pop"": 2721.0}, ""geometry"": {""coordinates"": [[[101.608524, 3.071836], [101.610071, 3.067853], [101.610506, 3.066973], [101.610605, 3.066907], [101.610965, 3.066901], [101.611906, 3.067843], [101.61197, 3.067907], [101.612444, 3.068379], [101.612445, 3.068739], [101.61251, 3.072489], [101.612512, 3.072849], [101.611547, 3.074383], [101.611224, 3.074332], [101.610901, 3.074281], [101.610198, 3.074144], [101.608858, 3.073139], [101.608804, 3.072953], [101.608524, 3.071836]]], ""type"": ""Polygon""}}, {""type"": ""Feature"", ""properties"": {""group_index"": 0, ""value"": 600.0, ""center"": [101.6107854506075, 3.070650012400999], ""area"": 810651.15, ""reachfactor"": 0.5806, ""total_pop"": 7399.0}, ""geometry"": {""coordinates"": [[[101.605802, 3.073654], [101.605829, 3.073295], [101.608524, 3.071836], [101.607801, 3.066857], [101.607638, 3.066628], [101.608097, 3.065569], [101.608439, 3.065082], [101.610238, 3.063072], [101.610341, 3.062964], [101.610701, 3.062947], [101.61329, 3.06537], [101.613433, 3.066108], [101.613847, 3.070624], [101.613859, 3.070749], [101.613777, 3.074754], [101.609437, 3.075566], [101.609077, 3.075571], [101.606239, 3.073965], [101.605802, 3.073654]]], ""type"": ""Polygon""}}, {""type"": ""Feature"", ""properties"": {""group_index"": 0, ""value"": 900.0, ""center"": [101.6107854506075, 3.070650012400999], ""area"": 1819010.55, ""reachfactor"": 0.579, ""total_pop"": 18345.0}, ""geometry"": {""coordinates"": [[[101.602285, 3.072838], [101.602307, 3.072561], [101.602381, 3.072507], [101.603302, 3.071824], [101.603604, 3.071815], [101.603907, 3.071807], [101.606258, 3.066574], [101.604504, 3.06564], [101.604523, 3.065281], [101.604553, 3.065042], [101.607594, 3.061847], [101.609869, 3.059302], [101.610228, 3.059318], [101.610503, 3.059567], [101.613024, 3.062657], [101.6133, 3.063266], [101.61356, 3.065256], [101.613859, 3.070749], [101.613777, 3.074754], [101.612289, 3.076656], [101.610469, 3.078297], [101.610352, 3.078402], [101.608448, 3.079149], [101.608088, 3.07915], [101.604957, 3.07631], [101.604928, 3.076282], [101.604146, 3.075519], [101.603225, 3.074622], [101.602285, 3.072838]]], ""type"": ""Polygon""}}]}",0.26221752000000004,0.81065115,1.81901055,0.7512,0.5806,0.579,2721.0,7399.0,18345.0
SUNMED,SB4,Rapid Bus,3.06554,101.60861,SB,BRT Sunway Line,B1,Dark Green,#1E4D2B,Klang Valley,"[101.60861, 3.06554]","{""type"": ""FeatureCollection"", ""metadata"": {""attribution"": ""openrouteservice.org | OpenStreetMap contributors"", ""service"": ""isochrones"", ""timestamp"": 1688204377794, ""query"": {""profile"": ""foot-walking"", ""locations"": [[101.60861, 3.06554]], ""range"": [900.0], ""range_type"": ""time"", ""attributes"": [""area"", ""reachfactor"", ""total_pop""], ""interval"": 300.0}, ""engine"": {""version"": ""7.1.0"", ""build_date"": ""2023-06-16T03:06:42Z"", ""graph_date"": ""2023-06-20T23:13:06Z""}}, ""bbox"": [101.59697, 3.056953, 101.617378, 3.074421], ""features"": [{""type"": ""Feature"", ""properties"": {""group_index"": 0, ""value"": 300.0, ""center"": [101.60860985647092, 3.0655282661838803], ""area"": 254439.68, ""reachfactor"": 0.7289, ""total_pop"": 2783.0}, ""geometry"": {""coordinates"": [[[101.60485, 3.065658], [101.604869, 3.065299], [101.605005, 3.065087], [101.610249, 3.063339], [101.610609, 3.063323], [101.612771, 3.065469], [101.612773, 3.065829], [101.610872, 3.067313], [101.610512, 3.067319], [101.607404, 3.067137], [101.607047, 3.067026], [101.60669, 3.066915], [101.606564, 3.066834], [101.60485, 3.065658]]], ""type"": ""Polygon""}}, {""type"": ""Feature"", ""properties"": {""group_index"": 0, ""value"": 600.0, ""center"": [101.60860985647092, 3.0655282661838803], ""area"": 1026581.1, ""reachfactor"": 0.7352, ""total_pop"": 9802.0}, ""geometry"": {""coordinates"": [[[101.60111, 3.065533], [101.601112, 3.065173], [101.601403, 3.064841], [101.601541, 3.0647], [101.601735, 3.064517], [101.602069, 3.064382], [101.605005, 3.065087], [101.607853, 3.062394], [101.608068, 3.062105], [101.609603, 3.060242], [101.609855, 3.059867], [101.610215, 3.059868], [101.613024, 3.062657], [101.615714, 3.0652], [101.615745, 3.065559], [101.613185, 3.068737], [101.612669, 3.069307], [101.610966, 3.070996], [101.61087, 3.071064], [101.61051, 3.071062], [101.608197, 3.069778], [101.604306, 3.068774], [101.603203, 3.067792], [101.602567, 3.0671], [101.60111, 3.065533]]], ""type"": ""Polygon""}}, {""type"": ""Feature"", ""properties"": {""group_index"": 0, ""value"": 900.0, ""center"": [101.60860985647092, 3.0655282661838803], ""area"": 2507333.49, ""reachfactor"": 0.7981, ""total_pop"": 23613.0}, ""geometry"": {""coordinates"": [[[101.59697, 3.065265], [101.597494, 3.064573], [101.599359, 3.062551], [101.601375, 3.06091], [101.605074, 3.060442], [101.609033, 3.059503], [101.610669, 3.057358], [101.610854, 3.057167], [101.611197, 3.056964], [101.611313, 3.056953], [101.612263, 3.05696], [101.612459, 3.057261], [101.612253, 3.059973], [101.615232, 3.063333], [101.615349, 3.063435], [101.61726, 3.065837], [101.617375, 3.067348], [101.617378, 3.067708], [101.617233, 3.068098], [101.616062, 3.069387], [101.61286, 3.072846], [101.611791, 3.074421], [101.611346, 3.074351], [101.610901, 3.074281], [101.609636, 3.074069], [101.608861, 3.073866], [101.605565, 3.071576], [101.602348, 3.070786], [101.601983, 3.070436], [101.601027, 3.069506], [101.59697, 3.065624], [101.59697, 3.065265]]], ""type"": ""Polygon""}}]}",0.25443968,1.0265811,2.50733349,0.7289,0.7352,0.7981,2783.0,9802.0,23613.0
SUNU MONASH,SB5,Rapid Bus,3.0653,101.60161,SB,BRT Sunway Line,B1,Dark Green,#1E4D2B,Klang Valley,"[101.60161, 3.0653]","{""type"": ""FeatureCollection"", ""metadata"": {""attribution"": ""openrouteservice.org | OpenStreetMap contributors"", ""service"": ""isochrones"", ""timestamp"": 1688204378123, ""query"": {""profile"": ""foot-walking"", ""locations"": [[101.60161, 3.0653]], ""range"": [900.0], ""range_type"": ""time"", ""attributes"": [""area"", ""reachfactor"", ""total_pop""], ""interval"": 300.0}, ""engine"": {""version"": ""7.1.0"", ""build_date"": ""2023-06-16T03:06:42Z"", ""graph_date"": ""2023-06-20T23:13:06Z""}}, ""bbox"": [101.592312, 3.059272, 101.613071, 3.073692], ""features"": [{""type"": ""Feature"", ""properties"": {""group_index"": 0, ""value"": 300.0, ""center"": [101.60161011949513, 3.0652653793022777], ""area"": 327344.76, ""reachfactor"": 0.9378, ""total_pop"": 1769.0}, ""geometry"": {""coordinates"": [[[101.597854, 3.065154], [101.598129, 3.064722], [101.600002, 3.062584], [101.600162, 3.062495], [101.601146, 3.061965], [101.601506, 3.06196], [101.605369, 3.065222], [101.60535, 3.065582], [101.605265, 3.06568], [101.603415, 3.06746], [101.602689, 3.068106], [101.602515, 3.068166], [101.602395, 3.068169], [101.597866, 3.065514], [101.597854, 3.065154]]], ""type"": ""Polygon""}}, {""type"": ""Feature"", ""properties"": {""group_index"": 0, ""value"": 600.0, ""center"": [101.60161011949513, 3.0652653793022777], ""area"": 1205249.14, ""reachfactor"": 0.8632, ""total_pop"": 7257.0}, ""geometry"": {""coordinates"": [[[101.594105, 3.06553], [101.594111, 3.06517], [101.594717, 3.064574], [101.596136, 3.063163], [101.601561, 3.060806], [101.601712, 3.060726], [101.601888, 3.060636], [101.602066, 3.060549], [101.603939, 3.059938], [101.604055, 3.060279], [101.608218, 3.064142], [101.608913, 3.064151], [101.609109, 3.065228], [101.609113, 3.065588], [101.608989, 3.065829], [101.607755, 3.067167], [101.60532, 3.069719], [101.602711, 3.071854], [101.602351, 3.071851], [101.599527, 3.069432], [101.599222, 3.069151], [101.59745, 3.067209], [101.594187, 3.065627], [101.59413, 3.06557], [101.594105, 3.06553]]], ""type"": ""Polygon""}}, {""type"": ""Feature"", ""properties"": {""group_index"": 0, ""value"": 900.0, ""center"": [101.60161011949513, 3.0652653793022777], ""area"": 2280058.27, ""reachfactor"": 0.7258, ""total_pop"": 15920.0}, ""geometry"": {""coordinates"": [[[101.592312, 3.063969], [101.592936, 3.062564], [101.593296, 3.062562], [101.596597, 3.06309], [101.600531, 3.061459], [101.60141, 3.060886], [101.601561, 3.060806], [101.601712, 3.060726], [101.601888, 3.060636], [101.602066, 3.060549], [101.605404, 3.059387], [101.605553, 3.059359], [101.605702, 3.05933], [101.605873, 3.0593], [101.606052, 3.059272], [101.60618, 3.059286], [101.606309, 3.059303], [101.606453, 3.05936], [101.606575, 3.059415], [101.606999, 3.05976], [101.610589, 3.062863], [101.612919, 3.065239], [101.613069, 3.065468], [101.613071, 3.065828], [101.61088, 3.067728], [101.608415, 3.070228], [101.605273, 3.073443], [101.605013, 3.073692], [101.604578, 3.073609], [101.604143, 3.073527], [101.600998, 3.072831], [101.599803, 3.07243], [101.59697, 3.070474], [101.594129, 3.069314], [101.593113, 3.068418], [101.59302, 3.068306], [101.592315, 3.064329], [101.592312, 3.063969]]], ""type"": ""Polygon""}}]}",0.32734476,1.2052491399999998,2.28005827,0.9378,0.8632,0.7258,1769.0,7257.0,15920.0
SOUTH QUAY-USJ1,SB6,Rapid Bus,3.06162,101.59681,SB,BRT Sunway Line,B1,Dark Green,#1E4D2B,Klang Valley,"[101.59681, 3.06162]","{""type"": ""FeatureCollection"", ""metadata"": {""attribution"": ""openrouteservice.org | OpenStreetMap contributors"", ""service"": ""isochrones"", ""timestamp"": 1688204378426, ""query"": {""profile"": ""foot-walking"", ""locations"": [[101.59681, 3.06162]], ""range"": [900.0], ""range_type"": ""time"", ""attributes"": [""area"", ""reachfactor"", ""total_pop""], ""interval"": 300.0}, ""engine"": {""version"": ""7.1.0"", ""build_date"": ""2023-06-16T03:06:42Z"", ""graph_date"": ""2023-06-20T23:13:06Z""}}, ""bbox"": [101.589479, 3.052376, 101.604432, 3.06273], ""features"": [{""type"": ""Feature"", ""properties"": {""group_index"": 0, ""value"": 300.0, ""center"": [101.59680992801275, 3.0616450313789794], ""area"": 157684.56, ""reachfactor"": 0.4517, ""total_pop"": 1167.0}, ""geometry"": {""coordinates"": [[[101.593936, 3.060537], [101.595854, 3.05844], [101.596887, 3.058154], [101.597246, 3.058175], [101.597857, 3.0617], [101.597558, 3.062037], [101.594942, 3.062685], [101.594679, 3.062673], [101.594415, 3.062662], [101.594259, 3.06263], [101.594134, 3.062564], [101.594035, 3.062441], [101.594003, 3.062302], [101.59394, 3.060785], [101.593936, 3.060537]]], ""type"": ""Polygon""}}, {""type"": ""Feature"", ""properties"": {""group_index"": 0, ""value"": 600.0, ""center"": [101.59680992801275, 3.0616450313789794], ""area"": 448171.94, ""reachfactor"": 0.321, ""total_pop"": 3423.0}, ""geometry"": {""coordinates"": [[[101.592904, 3.057405], [101.592939, 3.057302], [101.593187, 3.057042], [101.594081, 3.056651], [101.598656, 3.055985], [101.599016, 3.055985], [101.600675, 3.057849], [101.600683, 3.058209], [101.597857, 3.0617], [101.597558, 3.062037], [101.595566, 3.06273], [101.594415, 3.062662], [101.594259, 3.06263], [101.594134, 3.062564], [101.594035, 3.062441], [101.594003, 3.062302], [101.592904, 3.057405]]], ""type"": ""Polygon""}}, {""type"": ""Feature"", ""properties"": {""group_index"": 0, ""value"": 900.0, ""center"": [101.59680992801275, 3.0616450313789794], ""area"": 1191774.06, ""reachfactor"": 0.3794, ""total_pop"": 8431.0}, ""geometry"": {""coordinates"": [[[101.589479, 3.056631], [101.589578, 3.056501], [101.591896, 3.05413], [101.594075, 3.052899], [101.598668, 3.052376], [101.599028, 3.052376], [101.601027, 3.054325], [101.604335, 3.057757], [101.604432, 3.05786], [101.604431, 3.05822], [101.603184, 3.058911], [101.602627, 3.059182], [101.597558, 3.062037], [101.595566, 3.06273], [101.594415, 3.062662], [101.594259, 3.06263], [101.594134, 3.062564], [101.594035, 3.062441], [101.590438, 3.057924], [101.589486, 3.056991], [101.589479, 3.056631]]], ""type"": ""Polygon""}}]}",0.15768456,0.44817194,1.19177406,0.4517,0.321,0.3794,1167.0,3423.0,8431.0
USJ7,SB7,Rapid Bus,3.05525,101.59198,SB,BRT Sunway Line,B1,Dark Green,#1E4D2B,Klang Valley,"[101.59198, 3.05525]","{""type"": ""FeatureCollection"", ""metadata"": {""attribution"": ""openrouteservice.org | OpenStreetMap contributors"", ""service"": ""isochrones"", ""timestamp"": 1688204378814, ""query"": {""profile"": ""foot-walking"", ""locations"": [[101.59198, 3.05525]], ""range"": [900.0], ""range_type"": ""time"", ""attributes"": [""area"", ""reachfactor"", ""total_pop""], ""interval"": 300.0}, ""engine"": {""version"": ""7.1.0"", ""build_date"": ""2023-06-16T03:06:42Z"", ""graph_date"": ""2023-06-20T23:13:06Z""}}, ""bbox"": [101.582227, 3.044665, 101.601545, 3.066315], ""features"": [{""type"": ""Feature"", ""properties"": {""group_index"": 0, ""value"": 300.0, ""center"": [101.59204720797565, 3.055251753188616], ""area"": 290148.05, ""reachfactor"": 0.8312, ""total_pop"": 1962.0}, ""geometry"": {""coordinates"": [[[101.589731, 3.056501], [101.591887, 3.051506], [101.592247, 3.051504], [101.592648, 3.051734], [101.59398, 3.052731], [101.594262, 3.05787], [101.594115, 3.058068], [101.59219, 3.05907], [101.59184, 3.059153], [101.589733, 3.056861], [101.589731, 3.056501]]], ""type"": ""Polygon""}}, {""type"": ""Feature"", ""properties"": {""group_index"": 0, ""value"": 600.0, ""center"": [101.59204720797565, 3.055251753188616], ""area"": 1099413.59, ""reachfactor"": 0.7874, ""total_pop"": 9950.0}, ""geometry"": {""coordinates"": [[[101.585977, 3.05653], [101.586203, 3.056287], [101.587569, 3.054931], [101.58808, 3.054383], [101.588316, 3.054139], [101.588552, 3.053902], [101.590486, 3.048513], [101.590501, 3.048321], [101.590773, 3.048086], [101.591797, 3.04802], [101.592032, 3.048293], [101.593982, 3.052519], [101.597489, 3.057324], [101.597891, 3.057721], [101.597894, 3.058081], [101.59731, 3.058815], [101.594429, 3.061515], [101.593296, 3.062566], [101.592936, 3.062568], [101.590953, 3.061513], [101.589672, 3.060565], [101.589189, 3.060108], [101.58864, 3.059582], [101.588331, 3.059273], [101.586941, 3.057894], [101.586743, 3.057698], [101.58605, 3.056996], [101.585982, 3.05689], [101.585977, 3.05653]]], ""type"": ""Polygon""}}, {""type"": ""Feature"", ""properties"": {""group_index"": 0, ""value"": 900.0, ""center"": [101.59204720797565, 3.055251753188616], ""area"": 2808344.01, ""reachfactor"": 0.8939, ""total_pop"": 24259.0}, ""geometry"": {""coordinates"": [[[101.582227, 3.056875], [101.582229, 3.056515], [101.584688, 3.053577], [101.586901, 3.050615], [101.587745, 3.047707], [101.588043, 3.045421], [101.588189, 3.045143], [101.588536, 3.045049], [101.592456, 3.044665], [101.592816, 3.044666], [101.592996, 3.044844], [101.593236, 3.045084], [101.593374, 3.045222], [101.593474, 3.045324], [101.594398, 3.046681], [101.594401, 3.047041], [101.596129, 3.052349], [101.596739, 3.052736], [101.597322, 3.053319], [101.599031, 3.054773], [101.60089, 3.056918], [101.601545, 3.057755], [101.601536, 3.058115], [101.601531, 3.058227], [101.601409, 3.05835], [101.600658, 3.059103], [101.597592, 3.062214], [101.593316, 3.066313], [101.592956, 3.066315], [101.59274, 3.066166], [101.588233, 3.062972], [101.585037, 3.059768], [101.584262, 3.058985], [101.583043, 3.05775], [101.582428, 3.057131], [101.582297, 3.056992], [101.582227, 3.056875]]], ""type"": ""Polygon""}}]}",0.29014805,1.0994135900000002,2.80834401,0.8312,0.7874,0.8939,1962.0,9950.0,24259.0
