Name,Stop ID,Route Name,ns1:coordinates,Longitude,Latitude,City,Line Colour,locations,iso,5 Minute Range Area,10 Minute Range Area,15 Minute Range Area,5 Minute Reach Factor,10 Minute Reach Factor,15 Minute Reach Factor,5 Minute Population,10 Minute Population,15 Minute Population
UNIMAS Pintu Timur,SM1,Samarahan Line,"110.4537989,1.4570676",110.4537989,1.4570676,Kuching,Blue,"[110.45379890000001, 1.4570676000000002]","{""type"": ""FeatureCollection"", ""bbox"": [110.442567, 1.450294, 110.466946, 1.466154], ""features"": [{""type"": ""Feature"", ""properties"": {""group_index"": 0, ""value"": 300.0, ""center"": [110.45380009593472, 1.4570589756237053], ""area"": 233680.21, ""reachfactor"": 0.4284, ""total_pop"": 404.0}, ""geometry"": {""coordinates"": [[[110.450066, 1.457], [110.450067, 1.45664], [110.450398, 1.456641], [110.452185, 1.456851], [110.456444, 1.45615], [110.456765, 1.456315], [110.45745, 1.45707], [110.457619, 1.457387], [110.453869, 1.460684], [110.453509, 1.460682], [110.45099, 1.458247], [110.450066, 1.457]]], ""type"": ""Polygon""}}, {""type"": ""Feature"", ""properties"": {""group_index"": 0, ""value"": 600.0, ""center"": [110.45380009593472, 1.4570589756237053], ""area"": 804583.19, ""reachfactor"": 0.3688, ""total_pop"": 2319.0}, ""geometry"": {""coordinates"": [[[110.446318, 1.456991], [110.446318, 1.456631], [110.448358, 1.456636], [110.450067, 1.45664], [110.451949, 1.456456], [110.456703, 1.453519], [110.456986, 1.453297], [110.457194, 1.453276], [110.45882, 1.453342], [110.458951, 1.453491], [110.459179, 1.453769], [110.461834, 1.457149], [110.461795, 1.457507], [110.46136, 1.457458], [110.460926, 1.45741], [110.460574, 1.457391], [110.460212, 1.457371], [110.459432, 1.457351], [110.457176, 1.45765], [110.454132, 1.461213], [110.453748, 1.4641], [110.453714, 1.464215], [110.453515, 1.464515], [110.453338, 1.464418], [110.450795, 1.461691], [110.449387, 1.459973], [110.446318, 1.456991]]], ""type"": ""Polygon""}}, {""type"": ""Feature"", ""properties"": {""group_index"": 0, ""value"": 900.0, ""center"": [110.45380009593472, 1.4570589756237053], ""area"": 1738004.38, ""reachfactor"": 0.3541, ""total_pop"": 5236.0}, ""geometry"": {""coordinates"": [[[110.442567, 1.456969], [110.442572, 1.456609], [110.442817, 1.456612], [110.444226, 1.456802], [110.446318, 1.456631], [110.449884, 1.454785], [110.451812, 1.452847], [110.454345, 1.450514], [110.454836, 1.450294], [110.456763, 1.450584], [110.461571, 1.451064], [110.461865, 1.451135], [110.46216, 1.451379], [110.462363, 1.451956], [110.464203, 1.457481], [110.46579, 1.458232], [110.466946, 1.458647], [110.466824, 1.458986], [110.465668, 1.458571], [110.464512, 1.458156], [110.464027, 1.458009], [110.463347, 1.457812], [110.46282, 1.457691], [110.462154, 1.457564], [110.461795, 1.457507], [110.461378, 1.45746], [110.46136, 1.457458], [110.460926, 1.45741], [110.460574, 1.457391], [110.460212, 1.457371], [110.459432, 1.457351], [110.457176, 1.45765], [110.454132, 1.461213], [110.453748, 1.4641], [110.453714, 1.464215], [110.453615, 1.464365], [110.453515, 1.464515], [110.450534, 1.466083], [110.45037, 1.466154], [110.450227, 1.465824], [110.450795, 1.461691], [110.448842, 1.459776], [110.445517, 1.45952], [110.44516, 1.459474], [110.442941, 1.45772], [110.442567, 1.456969]]], ""type"": ""Polygon""}}], ""metadata"": {""attribution"": ""openrouteservice.org | OpenStreetMap contributors"", ""service"": ""isochrones"", ""timestamp"": 1631204671453, ""query"": {""locations"": [[110.45379890000001, 1.4570676000000002]], ""range"": [900.0], ""range_type"": ""time"", ""attributes"": [""area"", ""reachfactor"", ""total_pop""], ""interval"": 300.0}, ""engine"": {""version"": ""6.6.1"", ""build_date"": ""2021-07-05T10:57:48Z"", ""graph_date"": ""2021-08-31T00:43:05Z""}}}",0.23368021,0.80458319,1.73800438,0.4284,0.3688,0.3541,404,2319,5236
Aiman Mall,SM2,Samarahan Line,"110.4441322,1.4567651",110.4441322,1.4567651,Kuching,Blue,"[110.4441322, 1.4567651000000001]","{""type"": ""FeatureCollection"", ""bbox"": [110.432826, 1.449879, 110.455441, 1.462549], ""features"": [{""type"": ""Feature"", ""properties"": {""group_index"": 0, ""value"": 300.0, ""center"": [110.44413195086304, 1.4568011616727754], ""area"": 186585.46, ""reachfactor"": 0.3421, ""total_pop"": 452.0}, ""geometry"": {""coordinates"": [[[110.440351, 1.456909], [110.440529, 1.456795], [110.440675, 1.456712], [110.44086, 1.456643], [110.441105, 1.456602], [110.441487, 1.456599], [110.441843, 1.456598], [110.445556, 1.456629], [110.446716, 1.456632], [110.447877, 1.456635], [110.447876, 1.456995], [110.445518, 1.45951], [110.445161, 1.459464], [110.442662, 1.459038], [110.441964, 1.458818], [110.440545, 1.457212], [110.440351, 1.456909]]], ""type"": ""Polygon""}}, {""type"": ""Feature"", ""properties"": {""group_index"": 0, ""value"": 600.0, ""center"": [110.44413195086304, 1.4568011616727754], ""area"": 795246.15, ""reachfactor"": 0.3645, ""total_pop"": 1081.0}, ""geometry"": {""coordinates"": [[[110.436561, 1.456763], [110.439004, 1.454351], [110.440303, 1.453426], [110.440319, 1.453414], [110.44048, 1.45348], [110.440639, 1.453554], [110.445556, 1.456629], [110.446716, 1.456632], [110.447877, 1.456635], [110.447977, 1.456635], [110.450398, 1.456641], [110.451011, 1.45664], [110.451625, 1.45664], [110.451625, 1.457], [110.450627, 1.458039], [110.44562, 1.461228], [110.444732, 1.462401], [110.44208, 1.462013], [110.441868, 1.461744], [110.441655, 1.461475], [110.438451, 1.458114], [110.436653, 1.457111], [110.436561, 1.456763]]], ""type"": ""Polygon""}}, {""type"": ""Feature"", ""properties"": {""group_index"": 0, ""value"": 900.0, ""center"": [110.44413195086304, 1.4568011616727754], ""area"": 1514273.07, ""reachfactor"": 0.3085, ""total_pop"": 1726.0}, ""geometry"": {""coordinates"": [[[110.432826, 1.45679], [110.434058, 1.456318], [110.437155, 1.452305], [110.437225, 1.452086], [110.437326, 1.451961], [110.43783, 1.451384], [110.442169, 1.449879], [110.44247, 1.450077], [110.44283, 1.450453], [110.4429, 1.450538], [110.442979, 1.450682], [110.445244, 1.455098], [110.446674, 1.455925], [110.450398, 1.456641], [110.451011, 1.45664], [110.451625, 1.45664], [110.453718, 1.456866], [110.45458, 1.456985], [110.455441, 1.457105], [110.455392, 1.457461], [110.453868, 1.45871], [110.450808, 1.459162], [110.44562, 1.461228], [110.444732, 1.462401], [110.442732, 1.462549], [110.44208, 1.462013], [110.441868, 1.461744], [110.441655, 1.461475], [110.438451, 1.458114], [110.436424, 1.458441], [110.435514, 1.458544], [110.433961, 1.458658], [110.433607, 1.458721], [110.433306, 1.458294], [110.432858, 1.457148], [110.432826, 1.45679]]], ""type"": ""Polygon""}}], ""metadata"": {""attribution"": ""openrouteservice.org | OpenStreetMap contributors"", ""service"": ""isochrones"", ""timestamp"": 1631204671731, ""query"": {""locations"": [[110.4441322, 1.4567651000000001]], ""range"": [900.0], ""range_type"": ""time"", ""attributes"": [""area"", ""reachfactor"", ""total_pop""], ""interval"": 300.0}, ""engine"": {""version"": ""6.6.1"", ""build_date"": ""2021-07-05T10:57:48Z"", ""graph_date"": ""2021-08-31T00:43:05Z""}}}",0.18658546,0.79524615,1.51427307,0.3421,0.3645,0.3085,452,1081,1726
Wisma SALCRA,SM3,Samarahan Line,"110.4254709,1.4581693",110.4254709,1.4581693,Kuching,Blue,"[110.42547090000001, 1.4581693]","{""type"": ""FeatureCollection"", ""bbox"": [110.415047, 1.454009, 110.436616, 1.464609], ""features"": [{""type"": ""Feature"", ""properties"": {""group_index"": 0, ""value"": 300.0, ""center"": [110.42548425354501, 1.4582403509093238], ""area"": 226503.47, ""reachfactor"": 0.4153, ""total_pop"": 543.0}, ""geometry"": {""coordinates"": [[[110.421766, 1.458705], [110.422403, 1.458611], [110.42788, 1.457607], [110.428302, 1.457528], [110.428724, 1.457448], [110.429438, 1.457313], [110.430151, 1.457178], [110.430218, 1.457532], [110.427916, 1.460138], [110.426514, 1.461084], [110.426157, 1.461132], [110.424241, 1.461159], [110.421819, 1.459061], [110.421766, 1.458705]]], ""type"": ""Polygon""}}, {""type"": ""Feature"", ""properties"": {""group_index"": 0, ""value"": 600.0, ""center"": [110.42548425354501, 1.4582403509093238], ""area"": 569877.26, ""reachfactor"": 0.2612, ""total_pop"": 1033.0}, ""geometry"": {""coordinates"": [[[110.418253, 1.459065], [110.419402, 1.457612], [110.419718, 1.457439], [110.425519, 1.458234], [110.42788, 1.457607], [110.428302, 1.457528], [110.428724, 1.457448], [110.429438, 1.457313], [110.429963, 1.457213], [110.430151, 1.457178], [110.43121, 1.456978], [110.431642, 1.456915], [110.432084, 1.456851], [110.432389, 1.456824], [110.432702, 1.456796], [110.433217, 1.456755], [110.433249, 1.457113], [110.431131, 1.459496], [110.428922, 1.461248], [110.428742, 1.461385], [110.426567, 1.461848], [110.424241, 1.461159], [110.41979, 1.461094], [110.419431, 1.46107], [110.419337, 1.461049], [110.418799, 1.460746], [110.418253, 1.459065]]], ""type"": ""Polygon""}}, {""type"": ""Feature"", ""properties"": {""group_index"": 0, ""value"": 900.0, ""center"": [110.42548425354501, 1.4582403509093238], ""area"": 1295011.77, ""reachfactor"": 0.2638, ""total_pop"": 1984.0}, ""geometry"": {""coordinates"": [[[110.415047, 1.457306], [110.415244, 1.457005], [110.418777, 1.454036], [110.419136, 1.454009], [110.419324, 1.454066], [110.423578, 1.457136], [110.428302, 1.457528], [110.428724, 1.457448], [110.429438, 1.457313], [110.429963, 1.457213], [110.430151, 1.457178], [110.43121, 1.456978], [110.431642, 1.456915], [110.432084, 1.456851], [110.432389, 1.456824], [110.432702, 1.456796], [110.433217, 1.456755], [110.433296, 1.456748], [110.433816, 1.456725], [110.434341, 1.456702], [110.435057, 1.456691], [110.43578, 1.456679], [110.43661, 1.456669], [110.436616, 1.457029], [110.436254, 1.457619], [110.433601, 1.460552], [110.432818, 1.461215], [110.432463, 1.461276], [110.426567, 1.461848], [110.424241, 1.461159], [110.418956, 1.462987], [110.418857, 1.464391], [110.418822, 1.464473], [110.418571, 1.464609], [110.418504, 1.464521], [110.416872, 1.461757], [110.415464, 1.458763], [110.415047, 1.457306]]], ""type"": ""Polygon""}}], ""metadata"": {""attribution"": ""openrouteservice.org | OpenStreetMap contributors"", ""service"": ""isochrones"", ""timestamp"": 1631204672025, ""query"": {""locations"": [[110.42547090000001, 1.4581693]], ""range"": [900.0], ""range_type"": ""time"", ""attributes"": [""area"", ""reachfactor"", ""total_pop""], ""interval"": 300.0}, ""engine"": {""version"": ""6.6.1"", ""build_date"": ""2021-07-05T10:57:48Z"", ""graph_date"": ""2021-08-31T00:43:05Z""}}}",0.22650347,0.56987726,1.29501177,0.4153,0.2612,0.2638,543,1033,1984
UNIMAS,SM4,Samarahan Line,"110.4186264,1.4643525",110.4186264,1.4643525,Kuching,Blue,"[110.4186264, 1.4643525]","{""type"": ""FeatureCollection"", ""bbox"": [110.40998, 1.453781, 110.425704, 1.475501], ""features"": [{""type"": ""Feature"", ""properties"": {""group_index"": 0, ""value"": 300.0, ""center"": [110.41865293347982, 1.464354877088694], ""area"": 241203.81, ""reachfactor"": 0.4422, ""total_pop"": 617.0}, ""geometry"": {""coordinates"": [[[110.415901, 1.463878], [110.415959, 1.463732], [110.416009, 1.463622], [110.416067, 1.463551], [110.418828, 1.46055], [110.419184, 1.460603], [110.419718, 1.461173], [110.41978, 1.461253], [110.419858, 1.464762], [110.41982, 1.465093], [110.418484, 1.468102], [110.418125, 1.468069], [110.41655, 1.466445], [110.416226, 1.465323], [110.415901, 1.463878]]], ""type"": ""Polygon""}}, {""type"": ""Feature"", ""properties"": {""group_index"": 0, ""value"": 600.0, ""center"": [110.41865293347982, 1.464354877088694], ""area"": 986324.85, ""reachfactor"": 0.4521, ""total_pop"": 2377.0}, ""geometry"": {""coordinates"": [[[110.413155, 1.461608], [110.413242, 1.461248], [110.413473, 1.460972], [110.41731, 1.458235], [110.419682, 1.457374], [110.421864, 1.458691], [110.421914, 1.458798], [110.421917, 1.459047], [110.421804, 1.460122], [110.419858, 1.464762], [110.420577, 1.469407], [110.420499, 1.470131], [110.417668, 1.472161], [110.417337, 1.472019], [110.415457, 1.46767], [110.413653, 1.466117], [110.413593, 1.465984], [110.413452, 1.464622], [110.413155, 1.461608]]], ""type"": ""Polygon""}}, {""type"": ""Feature"", ""properties"": {""group_index"": 0, ""value"": 900.0, ""center"": [110.41865293347982, 1.464354877088694], ""area"": 2500872.53, ""reachfactor"": 0.5095, ""total_pop"": 3942.0}, ""geometry"": {""coordinates"": [[[110.40998, 1.464747], [110.410024, 1.46439], [110.410288, 1.458685], [110.410437, 1.458357], [110.414309, 1.456107], [110.41876, 1.453808], [110.419119, 1.453781], [110.423513, 1.456937], [110.425549, 1.458045], [110.425698, 1.458217], [110.425704, 1.458281], [110.425624, 1.459421], [110.425549, 1.459774], [110.424647, 1.460742], [110.424303, 1.460634], [110.421456, 1.460473], [110.419858, 1.464762], [110.41982, 1.465093], [110.421045, 1.469319], [110.423102, 1.471564], [110.42294, 1.471886], [110.421807, 1.472904], [110.417741, 1.475501], [110.416779, 1.475357], [110.415376, 1.474881], [110.415109, 1.47464], [110.412378, 1.469641], [110.412014, 1.46917], [110.411151, 1.46796], [110.40998, 1.464747]]], ""type"": ""Polygon""}}], ""metadata"": {""attribution"": ""openrouteservice.org | OpenStreetMap contributors"", ""service"": ""isochrones"", ""timestamp"": 1631204672324, ""query"": {""locations"": [[110.4186264, 1.4643525]], ""range"": [900.0], ""range_type"": ""time"", ""attributes"": [""area"", ""reachfactor"", ""total_pop""], ""interval"": 300.0}, ""engine"": {""version"": ""6.6.1"", ""build_date"": ""2021-07-05T10:57:48Z"", ""graph_date"": ""2021-08-31T00:43:05Z""}}}",0.24120381,0.98632485,2.50087253,0.4422,0.4521,0.5095,617,2377,3942
Sarawak Heart Centre,SM5,Samarahan Line,"110.4179972,1.4703614",110.4179972,1.4703614,Kuching,Blue,"[110.4179972, 1.4703614]","{""type"": ""FeatureCollection"", ""bbox"": [110.412632, 1.459234, 110.426307, 1.480531], ""features"": [{""type"": ""Feature"", ""properties"": {""group_index"": 0, ""value"": 300.0, ""center"": [110.41804919638217, 1.47037063576132], ""area"": 219805.52, ""reachfactor"": 0.403, ""total_pop"": 300.0}, ""geometry"": {""coordinates"": [[[110.416521, 1.474008], [110.416576, 1.473772], [110.416667, 1.473468], [110.416754, 1.473176], [110.418126, 1.468054], [110.418256, 1.466628], [110.418615, 1.466661], [110.421112, 1.469148], [110.420699, 1.470689], [110.419194, 1.473046], [110.418859, 1.47326], [110.417945, 1.473727], [110.416872, 1.474088], [110.416521, 1.474008]]], ""type"": ""Polygon""}}, {""type"": ""Feature"", ""properties"": {""group_index"": 0, ""value"": 600.0, ""center"": [110.41804919638217, 1.47037063576132], ""area"": 822076.66, ""reachfactor"": 0.3768, ""total_pop"": 925.0}, ""geometry"": {""coordinates"": [[[110.414213, 1.475197], [110.414301, 1.474276], [110.414369, 1.473922], [110.415143, 1.473397], [110.417997, 1.46948], [110.417521, 1.466274], [110.417401, 1.465934], [110.416912, 1.464775], [110.416936, 1.464517], [110.416959, 1.464288], [110.41793, 1.463467], [110.418446, 1.463031], [110.418603, 1.462898], [110.418961, 1.46293], [110.419858, 1.464762], [110.421112, 1.469148], [110.423147, 1.471595], [110.423735, 1.472135], [110.424322, 1.472675], [110.424079, 1.47294], [110.419422, 1.476584], [110.418337, 1.476996], [110.415665, 1.477182], [110.415351, 1.477005], [110.414213, 1.475197]]], ""type"": ""Polygon""}}, {""type"": ""Feature"", ""properties"": {""group_index"": 0, ""value"": 900.0, ""center"": [110.41804919638217, 1.47037063576132], ""area"": 2021027.25, ""reachfactor"": 0.4117, ""total_pop"": 2885.0}, ""geometry"": {""coordinates"": [[[110.412632, 1.472607], [110.41268, 1.472412], [110.413156, 1.471483], [110.414643, 1.466666], [110.414627, 1.465296], [110.41413, 1.462543], [110.414658, 1.461898], [110.418444, 1.459388], [110.418784, 1.45927], [110.419663, 1.459234], [110.420319, 1.459863], [110.420714, 1.460553], [110.419858, 1.464762], [110.421112, 1.469148], [110.425667, 1.473051], [110.425815, 1.473168], [110.426061, 1.473545], [110.426307, 1.473922], [110.426006, 1.474119], [110.422319, 1.478561], [110.422189, 1.478695], [110.421834, 1.478737], [110.419347, 1.478812], [110.414836, 1.480183], [110.414118, 1.480531], [110.413795, 1.480371], [110.41318, 1.476998], [110.412632, 1.472607]]], ""type"": ""Polygon""}}], ""metadata"": {""attribution"": ""openrouteservice.org | OpenStreetMap contributors"", ""service"": ""isochrones"", ""timestamp"": 1631204672613, ""query"": {""locations"": [[110.4179972, 1.4703614]], ""range"": [900.0], ""range_type"": ""time"", ""attributes"": [""area"", ""reachfactor"", ""total_pop""], ""interval"": 300.0}, ""engine"": {""version"": ""6.6.1"", ""build_date"": ""2021-07-05T10:57:48Z"", ""graph_date"": ""2021-08-31T00:43:05Z""}}}",0.21980552,0.82207666,2.02102725,0.403,0.3768,0.4117,300,925,2885
Riveria,SM6,Samarahan Line,"110.4016695,1.4949266",110.4016695,1.4949266,Kuching,Blue,"[110.40166950000001, 1.4949266]","{""type"": ""FeatureCollection"", ""bbox"": [110.392675, 1.486444, 110.410239, 1.502601], ""features"": [{""type"": ""Feature"", ""properties"": {""group_index"": 0, ""value"": 300.0, ""center"": [110.40169826380402, 1.4949579665105919], ""area"": 307362.65, ""reachfactor"": 0.5635, ""total_pop"": 204.0}, ""geometry"": {""coordinates"": [[[110.398607, 1.496999], [110.400189, 1.494211], [110.404018, 1.491928], [110.404307, 1.492142], [110.404927, 1.496326], [110.404706, 1.496611], [110.4032, 1.498219], [110.399523, 1.497669], [110.3989, 1.497457], [110.398677, 1.497174], [110.398607, 1.496999]]], ""type"": ""Polygon""}}, {""type"": ""Feature"", ""properties"": {""group_index"": 0, ""value"": 600.0, ""center"": [110.40169826380402, 1.4949579665105919], ""area"": 992321.71, ""reachfactor"": 0.4548, ""total_pop"": 735.0}, ""geometry"": {""coordinates"": [[[110.395634, 1.499279], [110.3961, 1.495691], [110.396142, 1.495475], [110.396426, 1.495252], [110.400189, 1.494211], [110.402231, 1.491153], [110.402267, 1.491027], [110.405646, 1.489413], [110.406841, 1.489598], [110.407022, 1.489636], [110.407059, 1.489885], [110.406547, 1.495819], [110.405963, 1.499967], [110.405932, 1.500047], [110.405677, 1.500301], [110.403836, 1.50025], [110.401955, 1.500186], [110.401414, 1.499727], [110.395939, 1.499758], [110.395719, 1.499473], [110.395634, 1.499279]]], ""type"": ""Polygon""}}, {""type"": ""Feature"", ""properties"": {""group_index"": 0, ""value"": 900.0, ""center"": [110.40169826380402, 1.4949579665105919], ""area"": 2194870.22, ""reachfactor"": 0.4471, ""total_pop"": 3352.0}, ""geometry"": {""coordinates"": [[[110.392675, 1.502031], [110.392877, 1.501746], [110.393079, 1.50146], [110.393259, 1.501259], [110.393426, 1.501075], [110.393618, 1.500887], [110.393803, 1.500707], [110.394848, 1.494804], [110.394357, 1.493224], [110.394205, 1.492854], [110.394403, 1.492693], [110.395277, 1.492285], [110.39957, 1.488119], [110.399811, 1.487852], [110.400548, 1.487835], [110.406, 1.486484], [110.408573, 1.486444], [110.408827, 1.4867], [110.410239, 1.491713], [110.409993, 1.491976], [110.406547, 1.495819], [110.408234, 1.501333], [110.408489, 1.50153], [110.408747, 1.501729], [110.409032, 1.50196], [110.409317, 1.502192], [110.409091, 1.502471], [110.404848, 1.502601], [110.404706, 1.502477], [110.404564, 1.502354], [110.404298, 1.502122], [110.404032, 1.50189], [110.403016, 1.501058], [110.401996, 1.500221], [110.401955, 1.500186], [110.401433, 1.499743], [110.395939, 1.499758], [110.394843, 1.500604], [110.394514, 1.500856], [110.393347, 1.50201], [110.393189, 1.502212], [110.392969, 1.502239], [110.392675, 1.502031]]], ""type"": ""Polygon""}}], ""metadata"": {""attribution"": ""openrouteservice.org | OpenStreetMap contributors"", ""service"": ""isochrones"", ""timestamp"": 1631204672898, ""query"": {""locations"": [[110.40166950000001, 1.4949266]], ""range"": [900.0], ""range_type"": ""time"", ""attributes"": [""area"", ""reachfactor"", ""total_pop""], ""interval"": 300.0}, ""engine"": {""version"": ""6.6.1"", ""build_date"": ""2021-07-05T10:57:48Z"", ""graph_date"": ""2021-08-31T00:43:05Z""}}}",0.30736265,0.99232171,2.19487022,0.5635,0.4548,0.4471,204,735,3352
NorthBank,SM7,Samarahan Line,"110.3941266,1.509676",110.3941266,1.509676,Kuching,Blue,"[110.39412659999998, 1.509676]","{""type"": ""FeatureCollection"", ""bbox"": [110.386012, 1.50084, 110.402569, 1.518695], ""features"": [{""type"": ""Feature"", ""properties"": {""group_index"": 0, ""value"": 300.0, ""center"": [110.39412679726502, 1.50967680822527], ""area"": 275906.28, ""reachfactor"": 0.5059, ""total_pop"": 31.0}, ""geometry"": {""coordinates"": [[[110.391099, 1.507778], [110.391208, 1.507435], [110.391498, 1.507415], [110.397209, 1.508421], [110.397562, 1.508475], [110.397562, 1.508489], [110.397546, 1.508834], [110.394381, 1.512823], [110.393589, 1.512805], [110.393434, 1.51275], [110.391778, 1.51175], [110.391099, 1.507778]]], ""type"": ""Polygon""}}, {""type"": ""Feature"", ""properties"": {""group_index"": 0, ""value"": 600.0, ""center"": [110.39412679726502, 1.50967680822527], ""area"": 794826.39, ""reachfactor"": 0.3643, ""total_pop"": 154.0}, ""geometry"": {""coordinates"": [[[110.388378, 1.511837], [110.38859, 1.511029], [110.389477, 1.509499], [110.391806, 1.504647], [110.392189, 1.503566], [110.392528, 1.503686], [110.392145, 1.504767], [110.397042, 1.508134], [110.397245, 1.508062], [110.397454, 1.507994], [110.399226, 1.507319], [110.400285, 1.507137], [110.401064, 1.506997], [110.401178, 1.507338], [110.400104, 1.509838], [110.397867, 1.510091], [110.394381, 1.512823], [110.3937, 1.513954], [110.393362, 1.514498], [110.391356, 1.51503], [110.389876, 1.513982], [110.388378, 1.511837]]], ""type"": ""Polygon""}}, {""type"": ""Feature"", ""properties"": {""group_index"": 0, ""value"": 900.0, ""center"": [110.39412679726502, 1.50967680822527], ""area"": 1334210.32, ""reachfactor"": 0.2718, ""total_pop"": 1296.0}, ""geometry"": {""coordinates"": [[[110.386012, 1.514682], [110.386524, 1.508753], [110.386367, 1.508429], [110.386386, 1.507375], [110.386641, 1.507121], [110.389188, 1.505961], [110.39276, 1.50224], [110.392905, 1.50199], [110.393064, 1.501788], [110.39323, 1.501577], [110.393407, 1.50138], [110.393594, 1.501174], [110.39377, 1.501007], [110.393946, 1.50084], [110.394194, 1.501101], [110.394018, 1.501268], [110.393674, 1.501622], [110.393347, 1.50201], [110.393073, 1.502419], [110.392819, 1.502932], [110.392687, 1.503235], [110.392528, 1.503686], [110.392227, 1.504536], [110.393459, 1.508293], [110.397042, 1.508134], [110.397245, 1.508062], [110.397454, 1.507994], [110.399226, 1.507319], [110.400285, 1.507137], [110.401064, 1.506997], [110.401559, 1.507282], [110.402033, 1.507629], [110.402243, 1.507823], [110.402482, 1.508078], [110.402569, 1.508256], [110.400104, 1.509838], [110.397867, 1.510091], [110.394381, 1.512823], [110.3937, 1.513954], [110.393362, 1.514498], [110.391871, 1.518343], [110.391825, 1.518519], [110.391779, 1.518695], [110.39143, 1.518605], [110.386949, 1.515441], [110.386888, 1.515396], [110.386012, 1.514682]]], ""type"": ""Polygon""}}], ""metadata"": {""attribution"": ""openrouteservice.org | OpenStreetMap contributors"", ""service"": ""isochrones"", ""timestamp"": 1631204673196, ""query"": {""locations"": [[110.39412659999998, 1.509676]], ""range"": [900.0], ""range_type"": ""time"", ""attributes"": [""area"", ""reachfactor"", ""total_pop""], ""interval"": 300.0}, ""engine"": {""version"": ""6.6.1"", ""build_date"": ""2021-07-05T10:57:48Z"", ""graph_date"": ""2021-08-31T00:43:05Z""}}}",0.27590628,0.79482639,1.33421032,0.5059,0.3643,0.2718,31,154,1296
Tabuan Jaya Police Complex,SM8,Samarahan Line,"110.3798143,1.5228058",110.3798143,1.5228058,Kuching,Blue,"[110.37981429999999, 1.5228058]","{""type"": ""FeatureCollection"", ""bbox"": [110.36991, 1.513901, 110.388969, 1.532348], ""features"": [{""type"": ""Feature"", ""properties"": {""group_index"": 0, ""value"": 300.0, ""center"": [110.37983644989035, 1.522826875090941], ""area"": 279399.56, ""reachfactor"": 0.5123, ""total_pop"": 1147.0}, ""geometry"": {""coordinates"": [[[110.376829, 1.525333], [110.376925, 1.52427], [110.377104, 1.523379], [110.377242, 1.522748], [110.380022, 1.520088], [110.382238, 1.51993], [110.382457, 1.520216], [110.383185, 1.521795], [110.383013, 1.522112], [110.379576, 1.525505], [110.377913, 1.525678], [110.377006, 1.525646], [110.376829, 1.525333]]], ""type"": ""Polygon""}}, {""type"": ""Feature"", ""properties"": {""group_index"": 0, ""value"": 600.0, ""center"": [110.37983644989035, 1.522826875090941], ""area"": 1304513.43, ""reachfactor"": 0.5979, ""total_pop"": 6937.0}, ""geometry"": {""coordinates"": [[[110.373278, 1.526337], [110.373325, 1.526143], [110.374354, 1.522493], [110.375104, 1.519664], [110.377139, 1.517707], [110.377444, 1.517516], [110.381195, 1.517531], [110.384367, 1.516973], [110.384662, 1.51718], [110.384698, 1.517636], [110.38491, 1.519907], [110.386345, 1.523591], [110.386108, 1.523862], [110.384936, 1.524287], [110.380211, 1.52774], [110.379381, 1.529108], [110.379036, 1.529211], [110.378227, 1.529011], [110.375493, 1.527855], [110.374649, 1.527437], [110.373372, 1.526685], [110.373278, 1.526337]]], ""type"": ""Polygon""}}, {""type"": ""Feature"", ""properties"": {""group_index"": 0, ""value"": 900.0, ""center"": [110.37983644989035, 1.522826875090941], ""area"": 2789212.69, ""reachfactor"": 0.5682, ""total_pop"": 13134.0}, ""geometry"": {""coordinates"": [[[110.36991, 1.527345], [110.370426, 1.524492], [110.370953, 1.523131], [110.372439, 1.52101], [110.373655, 1.517514], [110.373744, 1.516963], [110.373982, 1.516249], [110.374197, 1.515999], [110.375484, 1.514544], [110.375802, 1.514376], [110.377366, 1.514863], [110.379458, 1.515955], [110.3826, 1.51665], [110.385381, 1.51485], [110.385595, 1.514561], [110.38659, 1.513901], [110.38688, 1.514115], [110.387056, 1.515608], [110.387068, 1.51682], [110.386618, 1.518781], [110.38874, 1.523308], [110.388969, 1.523586], [110.388684, 1.526431], [110.388595, 1.526548], [110.388305, 1.526762], [110.385103, 1.526159], [110.382395, 1.528201], [110.380999, 1.531863], [110.380897, 1.531894], [110.3791, 1.532348], [110.375525, 1.531109], [110.373488, 1.529825], [110.369932, 1.527704], [110.36991, 1.527345]]], ""type"": ""Polygon""}}], ""metadata"": {""attribution"": ""openrouteservice.org | OpenStreetMap contributors"", ""service"": ""isochrones"", ""timestamp"": 1631204673502, ""query"": {""locations"": [[110.37981429999999, 1.5228058]], ""range"": [900.0], ""range_type"": ""time"", ""attributes"": [""area"", ""reachfactor"", ""total_pop""], ""interval"": 300.0}, ""engine"": {""version"": ""6.6.1"", ""build_date"": ""2021-07-05T10:57:48Z"", ""graph_date"": ""2021-08-31T00:43:05Z""}}}",0.27939956,1.30451343,2.78921269,0.5123,0.5979,0.5682,1147,6937,13134
VivaCity Megamall,SM9,Samarahan Line,"110.369968,1.5274974",110.369968,1.5274974,Kuching,Blue,"[110.369968, 1.5274974]","{""type"": ""FeatureCollection"", ""bbox"": [110.358961, 1.520647, 110.380284, 1.536851], ""features"": [{""type"": ""Feature"", ""properties"": {""group_index"": 0, ""value"": 300.0, ""center"": [110.36996947197692, 1.5275218362007534], ""area"": 273534.32, ""reachfactor"": 0.5015, ""total_pop"": 1017.0}, ""geometry"": {""coordinates"": [[[110.366209, 1.527995], [110.367066, 1.526413], [110.367395, 1.52634], [110.373179, 1.526364], [110.373498, 1.526278], [110.373607, 1.526422], [110.373591, 1.526782], [110.373342, 1.528024], [110.373275, 1.528146], [110.371054, 1.530196], [110.369841, 1.530561], [110.369534, 1.530479], [110.367885, 1.529364], [110.366313, 1.52834], [110.366209, 1.527995]]], ""type"": ""Polygon""}}, {""type"": ""Feature"", ""properties"": {""group_index"": 0, ""value"": 600.0, ""center"": [110.36996947197692, 1.5275218362007534], ""area"": 1036746.28, ""reachfactor"": 0.4752, ""total_pop"": 5434.0}, ""geometry"": {""coordinates"": [[[110.362625, 1.528822], [110.362684, 1.528669], [110.363673, 1.52754], [110.363931, 1.527288], [110.365239, 1.526215], [110.366035, 1.526191], [110.37154, 1.524019], [110.37184, 1.523821], [110.37272, 1.523841], [110.377049, 1.525208], [110.377227, 1.525521], [110.376148, 1.528412], [110.375697, 1.529241], [110.3756, 1.52942], [110.373409, 1.531403], [110.368363, 1.533106], [110.368003, 1.533113], [110.36545, 1.530986], [110.363119, 1.529564], [110.362673, 1.529178], [110.362625, 1.528822]]], ""type"": ""Polygon""}}, {""type"": ""Feature"", ""properties"": {""group_index"": 0, ""value"": 900.0, ""center"": [110.36996947197692, 1.5275218362007534], ""area"": 2462362.39, ""reachfactor"": 0.5016, ""total_pop"": 11983.0}, ""geometry"": {""coordinates"": [[[110.358961, 1.529264], [110.359139, 1.528918], [110.359321, 1.528607], [110.359439, 1.528428], [110.361046, 1.526395], [110.361319, 1.526161], [110.365159, 1.525925], [110.3676, 1.524357], [110.369165, 1.521106], [110.369429, 1.520862], [110.370953, 1.520647], [110.374174, 1.521296], [110.380024, 1.522369], [110.380284, 1.522617], [110.37993, 1.526047], [110.378837, 1.529016], [110.377514, 1.532005], [110.376579, 1.533181], [110.376121, 1.533106], [110.371097, 1.533573], [110.370016, 1.53537], [110.369873, 1.535701], [110.36872, 1.536791], [110.368547, 1.536821], [110.368373, 1.536851], [110.36775, 1.536388], [110.366093, 1.534637], [110.362906, 1.531879], [110.359956, 1.530665], [110.358988, 1.529623], [110.358961, 1.529264]]], ""type"": ""Polygon""}}], ""metadata"": {""attribution"": ""openrouteservice.org | OpenStreetMap contributors"", ""service"": ""isochrones"", ""timestamp"": 1631204673805, ""query"": {""locations"": [[110.369968, 1.5274974]], ""range"": [900.0], ""range_type"": ""time"", ""attributes"": [""area"", ""reachfactor"", ""total_pop""], ""interval"": 300.0}, ""engine"": {""version"": ""6.6.1"", ""build_date"": ""2021-07-05T10:57:48Z"", ""graph_date"": ""2021-08-31T00:43:05Z""}}}",0.27353432,1.03674628,2.46236239,0.5015,0.4752,0.5016,1017,5434,11983
Wisma Persekutuan Public Carpark,IS1,Samarahan Line,"110.3614022,1.5333752",110.3614022,1.5333752,Kuching,Blue,"[110.36140220000001, 1.5333752]","{""type"": ""FeatureCollection"", ""bbox"": [110.351974, 1.524452, 110.366975, 1.539211], ""features"": [{""type"": ""Feature"", ""properties"": {""group_index"": 0, ""value"": 300.0, ""center"": [110.36136918577633, 1.532977481178436], ""area"": 105941.19, ""reachfactor"": 0.1942, ""total_pop"": 373.0}, ""geometry"": {""coordinates"": [[[110.358486, 1.532301], [110.358556, 1.531421], [110.358729, 1.531105], [110.359937, 1.530224], [110.360283, 1.530126], [110.361973, 1.531614], [110.36217, 1.532197], [110.362242, 1.532552], [110.362198, 1.532907], [110.359747, 1.533459], [110.359387, 1.53345], [110.358972, 1.532974], [110.358486, 1.532301]]], ""type"": ""Polygon""}}, {""type"": ""Feature"", ""properties"": {""group_index"": 0, ""value"": 600.0, ""center"": [110.36136918577633, 1.532977481178436], ""area"": 738088.01, ""reachfactor"": 0.3383, ""total_pop"": 4196.0}, ""geometry"": {""coordinates"": [[[110.355163, 1.531006], [110.357077, 1.52807], [110.357682, 1.527687], [110.360026, 1.527465], [110.360123, 1.527463], [110.360483, 1.527621], [110.362994, 1.528772], [110.364551, 1.532785], [110.364361, 1.53309], [110.360239, 1.536432], [110.359586, 1.536839], [110.358608, 1.536801], [110.356813, 1.535225], [110.355224, 1.531361], [110.355163, 1.531006]]], ""type"": ""Polygon""}}, {""type"": ""Feature"", ""properties"": {""group_index"": 0, ""value"": 900.0, ""center"": [110.36136918577633, 1.532977481178436], ""area"": 2135687.45, ""reachfactor"": 0.4351, ""total_pop"": 11284.0}, ""geometry"": {""coordinates"": [[[110.351974, 1.52977], [110.354991, 1.52464], [110.355298, 1.524452], [110.360367, 1.524835], [110.361502, 1.524798], [110.362402, 1.524834], [110.366639, 1.527868], [110.36674, 1.528213], [110.366975, 1.532291], [110.366973, 1.532385], [110.366892, 1.535344], [110.366597, 1.535551], [110.364063, 1.537317], [110.363476, 1.537652], [110.360869, 1.539144], [110.360634, 1.539204], [110.360605, 1.539211], [110.355537, 1.53875], [110.355189, 1.538655], [110.35391, 1.535106], [110.351974, 1.52977]]], ""type"": ""Polygon""}}], ""metadata"": {""attribution"": ""openrouteservice.org | OpenStreetMap contributors"", ""service"": ""isochrones"", ""timestamp"": 1631204674108, ""query"": {""locations"": [[110.36140220000001, 1.5333752]], ""range"": [900.0], ""range_type"": ""time"", ""attributes"": [""area"", ""reachfactor"", ""total_pop""], ""interval"": 300.0}, ""engine"": {""version"": ""6.6.1"", ""build_date"": ""2021-07-05T10:57:48Z"", ""graph_date"": ""2021-08-31T00:43:05Z""}}}",0.10594119,0.73808801,2.13568745,0.1942,0.3383,0.4351,373,4196,11284
The Spring,SM11,Samarahan Line,"110.356998,1.5351537",110.356998,1.5351537,Kuching,Blue,"[110.356998, 1.5351537]","{""type"": ""FeatureCollection"", ""bbox"": [110.351801, 1.525174, 110.36666, 1.54578], ""features"": [{""type"": ""Feature"", ""properties"": {""group_index"": 0, ""value"": 300.0, ""center"": [110.35704009597252, 1.5351747990679996], ""area"": 204162.68, ""reachfactor"": 0.3743, ""total_pop"": 850.0}, ""geometry"": {""coordinates"": [[[110.355204, 1.5386], [110.35525, 1.538433], [110.355336, 1.538215], [110.355372, 1.538141], [110.357994, 1.532753], [110.358279, 1.532209], [110.358563, 1.531665], [110.358882, 1.531832], [110.358942, 1.53191], [110.359356, 1.532984], [110.359779, 1.534156], [110.359739, 1.536509], [110.359631, 1.536853], [110.359053, 1.537426], [110.357758, 1.538082], [110.355552, 1.538695], [110.355204, 1.5386]]], ""type"": ""Polygon""}}, {""type"": ""Feature"", ""properties"": {""group_index"": 0, ""value"": 600.0, ""center"": [110.35704009597252, 1.5351747990679996], ""area"": 940877.25, ""reachfactor"": 0.4313, ""total_pop"": 6149.0}, ""geometry"": {""coordinates"": [[[110.354704, 1.541667], [110.355204, 1.5386], [110.35525, 1.538433], [110.355336, 1.538215], [110.355372, 1.538141], [110.356134, 1.536994], [110.356481, 1.531273], [110.356327, 1.530948], [110.357641, 1.528517], [110.357945, 1.528323], [110.361162, 1.52901], [110.362165, 1.531384], [110.363331, 1.534185], [110.36344, 1.534528], [110.361646, 1.538229], [110.361449, 1.538562], [110.360568, 1.54006], [110.360285, 1.540245], [110.355678, 1.542398], [110.355573, 1.542417], [110.355071, 1.54222], [110.354778, 1.54201], [110.354725, 1.541866], [110.354704, 1.541667]]], ""type"": ""Polygon""}}, {""type"": ""Feature"", ""properties"": {""group_index"": 0, ""value"": 900.0, ""center"": [110.35704009597252, 1.5351747990679996], ""area"": 2559840.52, ""reachfactor"": 0.5215, ""total_pop"": 14126.0}, ""geometry"": {""coordinates"": [[[110.351801, 1.539264], [110.351887, 1.538915], [110.354707, 1.53422], [110.353515, 1.531852], [110.353348, 1.531533], [110.352751, 1.530457], [110.355615, 1.525374], [110.355915, 1.525174], [110.356503, 1.525176], [110.360776, 1.52621], [110.36446, 1.528544], [110.364524, 1.528899], [110.366247, 1.534425], [110.366454, 1.53472], [110.36666, 1.535015], [110.364561, 1.53798], [110.363076, 1.542187], [110.362893, 1.542497], [110.361187, 1.543462], [110.356428, 1.545028], [110.353615, 1.54578], [110.35336, 1.545525], [110.35282, 1.543918], [110.351801, 1.539264]]], ""type"": ""Polygon""}}], ""metadata"": {""attribution"": ""openrouteservice.org | OpenStreetMap contributors"", ""service"": ""isochrones"", ""timestamp"": 1631204674424, ""query"": {""locations"": [[110.356998, 1.5351537]], ""range"": [900.0], ""range_type"": ""time"", ""attributes"": [""area"", ""reachfactor"", ""total_pop""], ""interval"": 300.0}, ""engine"": {""version"": ""6.6.1"", ""build_date"": ""2021-07-05T10:57:48Z"", ""graph_date"": ""2021-08-31T00:43:05Z""}}}",0.20416268,0.94087725,2.55984052,0.3743,0.4313,0.5215,850,6149,14126
Kuching Public Works Department,SM12,Samarahan Line,"110.3427162,1.5352618",110.3427162,1.5352618,Kuching,Blue,"[110.3427162, 1.5352618]","{""type"": ""FeatureCollection"", ""bbox"": [110.332498, 1.526852, 110.352304, 1.545233], ""features"": [{""type"": ""Feature"", ""properties"": {""group_index"": 0, ""value"": 300.0, ""center"": [110.34272724294456, 1.5352913840595055], ""area"": 205083.73, ""reachfactor"": 0.376, ""total_pop"": 837.0}, ""geometry"": {""coordinates"": [[[110.339274, 1.536782], [110.339584, 1.536172], [110.340495, 1.535005], [110.340928, 1.534495], [110.341268, 1.534264], [110.341489, 1.53422], [110.346275, 1.534116], [110.346301, 1.53413], [110.346433, 1.53444], [110.346058, 1.535131], [110.344118, 1.536528], [110.342712, 1.537193], [110.341239, 1.537913], [110.340902, 1.538041], [110.339462, 1.537089], [110.339274, 1.536782]]], ""type"": ""Polygon""}}, {""type"": ""Feature"", ""properties"": {""group_index"": 0, ""value"": 600.0, ""center"": [110.34272724294456, 1.5352913840595055], ""area"": 1192264.4, ""reachfactor"": 0.5465, ""total_pop"": 5028.0}, ""geometry"": {""coordinates"": [[[110.335885, 1.538835], [110.335889, 1.538354], [110.335983, 1.537852], [110.336093, 1.537509], [110.337593, 1.53432], [110.338758, 1.532641], [110.338815, 1.532559], [110.341504, 1.530777], [110.341858, 1.530707], [110.345924, 1.530938], [110.347425, 1.53105], [110.349, 1.533141], [110.349726, 1.5342], [110.34974, 1.534615], [110.349683, 1.534952], [110.349445, 1.535451], [110.349042, 1.536057], [110.348691, 1.536136], [110.344045, 1.539074], [110.343507, 1.539968], [110.34138, 1.541626], [110.341024, 1.541574], [110.337128, 1.539715], [110.336128, 1.539101], [110.335885, 1.538835]]], ""type"": ""Polygon""}}, {""type"": ""Feature"", ""properties"": {""group_index"": 0, ""value"": 900.0, ""center"": [110.34272724294456, 1.5352913840595055], ""area"": 2930866.17, ""reachfactor"": 0.5971, ""total_pop"": 12053.0}, ""geometry"": {""coordinates"": [[[110.332498, 1.536822], [110.332568, 1.536469], [110.332755, 1.536273], [110.335531, 1.533118], [110.33667, 1.530988], [110.337848, 1.529608], [110.34123, 1.526852], [110.341555, 1.527008], [110.345262, 1.528725], [110.347491, 1.528128], [110.349276, 1.528975], [110.351586, 1.531391], [110.352008, 1.532768], [110.352303, 1.534007], [110.352304, 1.534048], [110.351312, 1.538849], [110.35121, 1.539194], [110.348738, 1.53962], [110.344936, 1.541771], [110.341671, 1.545208], [110.341312, 1.545233], [110.33734, 1.543416], [110.333786, 1.541882], [110.333509, 1.541652], [110.333385, 1.541248], [110.332498, 1.536822]]], ""type"": ""Polygon""}}], ""metadata"": {""attribution"": ""openrouteservice.org | OpenStreetMap contributors"", ""service"": ""isochrones"", ""timestamp"": 1631204674764, ""query"": {""locations"": [[110.3427162, 1.5352618]], ""range"": [900.0], ""range_type"": ""time"", ""attributes"": [""area"", ""reachfactor"", ""total_pop""], ""interval"": 300.0}, ""engine"": {""version"": ""6.6.1"", ""build_date"": ""2021-07-05T10:57:48Z"", ""graph_date"": ""2021-08-31T00:43:05Z""}}}",0.20508373,1.1922644,2.93086617,0.376,0.5465,0.5971,837,5028,12053
Sarawak General Hospital,SM13,Samarahan Line,"110.3374204,1.5434529",110.3374204,1.5434529,Kuching,Blue,"[110.33742040000001, 1.5434529]","{""type"": ""FeatureCollection"", ""bbox"": [110.32872, 1.53222, 110.345854, 1.554933], ""features"": [{""type"": ""Feature"", ""properties"": {""group_index"": 0, ""value"": 300.0, ""center"": [110.33741084275484, 1.543453117052526], ""area"": 315395.02, ""reachfactor"": 0.5783, ""total_pop"": 1444.0}, ""geometry"": {""coordinates"": [[[110.334998, 1.541578], [110.33509, 1.54123], [110.336466, 1.540032], [110.337031, 1.539613], [110.337391, 1.539586], [110.33901, 1.541982], [110.339269, 1.542443], [110.340282, 1.544392], [110.340479, 1.54487], [110.340364, 1.545212], [110.33803, 1.547069], [110.337882, 1.547148], [110.33776, 1.547195], [110.337581, 1.547263], [110.337409, 1.547265], [110.336251, 1.546299], [110.335784, 1.544872], [110.335478, 1.543722], [110.334998, 1.541578]]], ""type"": ""Polygon""}}, {""type"": ""Feature"", ""properties"": {""group_index"": 0, ""value"": 600.0, ""center"": [110.33741084275484, 1.543453117052526], ""area"": 1380606.43, ""reachfactor"": 0.6328, ""total_pop"": 8074.0}, ""geometry"": {""coordinates"": [[[110.331982, 1.539415], [110.332007, 1.539281], [110.332222, 1.538992], [110.335066, 1.53707], [110.336847, 1.535979], [110.337097, 1.535927], [110.337189, 1.53592], [110.338781, 1.536838], [110.338983, 1.536961], [110.339174, 1.537267], [110.341354, 1.541227], [110.342755, 1.54345], [110.34277, 1.543809], [110.341776, 1.54779], [110.341679, 1.547871], [110.338038, 1.550886], [110.337742, 1.55108], [110.337543, 1.550947], [110.336037, 1.549885], [110.335521, 1.549382], [110.333751, 1.547674], [110.332503, 1.546483], [110.332423, 1.546407], [110.332023, 1.541517], [110.331982, 1.539415]]], ""type"": ""Polygon""}}, {""type"": ""Feature"", ""properties"": {""group_index"": 0, ""value"": 900.0, ""center"": [110.33741084275484, 1.543453117052526], ""area"": 3280624.58, ""reachfactor"": 0.6683, ""total_pop"": 18141.0}, ""geometry"": {""coordinates"": [[[110.32872, 1.545943], [110.328729, 1.545583], [110.328996, 1.540932], [110.329043, 1.540575], [110.331585, 1.536276], [110.334062, 1.533865], [110.334346, 1.533644], [110.336638, 1.532239], [110.336997, 1.53222], [110.337241, 1.532271], [110.341159, 1.534217], [110.341481, 1.534379], [110.342647, 1.535129], [110.342773, 1.535467], [110.342423, 1.53622], [110.345272, 1.541142], [110.34546, 1.541449], [110.345854, 1.545588], [110.344706, 1.548467], [110.34468, 1.548515], [110.341921, 1.551449], [110.338569, 1.554782], [110.338242, 1.554933], [110.336704, 1.554094], [110.334701, 1.552374], [110.331128, 1.549511], [110.329049, 1.546489], [110.32872, 1.545943]]], ""type"": ""Polygon""}}], ""metadata"": {""attribution"": ""openrouteservice.org | OpenStreetMap contributors"", ""service"": ""isochrones"", ""timestamp"": 1631204675086, ""query"": {""locations"": [[110.33742040000001, 1.5434529]], ""range"": [900.0], ""range_type"": ""time"", ""attributes"": [""area"", ""reachfactor"", ""total_pop""], ""interval"": 300.0}, ""engine"": {""version"": ""6.6.1"", ""build_date"": ""2021-07-05T10:57:48Z"", ""graph_date"": ""2021-08-31T00:43:05Z""}}}",0.31539502,1.38060643,3.28062458,0.5783,0.6328,0.6683,1444,8074,18141
"Padang Pasir, Hikmah Exchange",SM14,Samarahan Line,"110.3409734,1.5576861",110.3409734,1.5576861,Kuching,Blue,"[110.34097340000002, 1.5576861000000002]","{""type"": ""FeatureCollection"", ""bbox"": [110.331137, 1.548032, 110.350619, 1.566708], ""features"": [{""type"": ""Feature"", ""properties"": {""group_index"": 0, ""value"": 300.0, ""center"": [110.34100332796807, 1.5576990519271467], ""area"": 297408.32, ""reachfactor"": 0.5453, ""total_pop"": 1420.0}, ""geometry"": {""coordinates"": [[[110.338085, 1.557587], [110.338092, 1.557482], [110.338211, 1.556574], [110.33823, 1.556451], [110.338528, 1.555485], [110.338823, 1.555279], [110.340658, 1.554353], [110.341007, 1.554268], [110.341601, 1.554774], [110.343028, 1.556221], [110.343924, 1.558149], [110.343951, 1.558236], [110.343029, 1.560513], [110.34267, 1.560469], [110.342313, 1.560428], [110.34136, 1.559996], [110.338656, 1.558772], [110.338085, 1.557587]]], ""type"": ""Polygon""}}, {""type"": ""Feature"", ""properties"": {""group_index"": 0, ""value"": 600.0, ""center"": [110.34100332796807, 1.5576990519271467], ""area"": 1081415.01, ""reachfactor"": 0.4957, ""total_pop"": 5501.0}, ""geometry"": {""coordinates"": [[[110.334872, 1.55865], [110.334886, 1.557669], [110.334973, 1.557007], [110.336072, 1.553907], [110.336676, 1.553059], [110.337733, 1.551743], [110.338092, 1.551719], [110.342227, 1.552422], [110.343441, 1.552798], [110.347325, 1.557311], [110.347443, 1.557651], [110.346538, 1.559371], [110.344441, 1.563434], [110.344343, 1.563494], [110.344282, 1.563505], [110.344171, 1.56351], [110.343234, 1.561997], [110.342302, 1.561011], [110.337493, 1.559407], [110.335347, 1.559383], [110.335036, 1.559201], [110.334903, 1.558955], [110.334872, 1.55865]]], ""type"": ""Polygon""}}, {""type"": ""Feature"", ""properties"": {""group_index"": 0, ""value"": 900.0, ""center"": [110.34100332796807, 1.5576990519271467], ""area"": 2729283.2, ""reachfactor"": 0.556, ""total_pop"": 12364.0}, ""geometry"": {""coordinates"": [[[110.331137, 1.558743], [110.332333, 1.554059], [110.333064, 1.553081], [110.3348, 1.550982], [110.335908, 1.549669], [110.336488, 1.549008], [110.336602, 1.548877], [110.337548, 1.548043], [110.337908, 1.548032], [110.341343, 1.548748], [110.345548, 1.55058], [110.345614, 1.55062], [110.348629, 1.553563], [110.35057, 1.556058], [110.350619, 1.55781], [110.350613, 1.557904], [110.35045, 1.558225], [110.346974, 1.563114], [110.343568, 1.566635], [110.343345, 1.566708], [110.343327, 1.566698], [110.343034, 1.566499], [110.342884, 1.56634], [110.342036, 1.565407], [110.340997, 1.563361], [110.340577, 1.562853], [110.337972, 1.559983], [110.334489, 1.562359], [110.334238, 1.562875], [110.333885, 1.562804], [110.33344, 1.562285], [110.33116, 1.559102], [110.331137, 1.558743]]], ""type"": ""Polygon""}}], ""metadata"": {""attribution"": ""openrouteservice.org | OpenStreetMap contributors"", ""service"": ""isochrones"", ""timestamp"": 1631204675413, ""query"": {""locations"": [[110.34097340000002, 1.5576861000000002]], ""range"": [900.0], ""range_type"": ""time"", ""attributes"": [""area"", ""reachfactor"", ""total_pop""], ""interval"": 300.0}, ""engine"": {""version"": ""6.6.1"", ""build_date"": ""2021-07-05T10:57:48Z"", ""graph_date"": ""2021-08-31T00:43:05Z""}}}",0.29740832,1.08141501,2.7292832,0.5453,0.4957,0.556,1420,5501,12364
JPJ,SR1,Serian Line,"110.3352371,1.4098215",110.3352371,1.4098215,Kuching,Red,"[110.3352371, 1.4098215]","{""type"": ""FeatureCollection"", ""bbox"": [110.329506, 1.399083, 110.344907, 1.420502], ""features"": [{""type"": ""Feature"", ""properties"": {""group_index"": 0, ""value"": 300.0, ""center"": [110.33528476405138, 1.40983757900268], ""area"": 237882.75, ""reachfactor"": 0.4361, ""total_pop"": 764.0}, ""geometry"": {""coordinates"": [[[110.333852, 1.413552], [110.333934, 1.413296], [110.33472, 1.407383], [110.334723, 1.407339], [110.334767, 1.407092], [110.334839, 1.406739], [110.336394, 1.40612], [110.336735, 1.406236], [110.338361, 1.40877], [110.33824, 1.409109], [110.336088, 1.412407], [110.334195, 1.413662], [110.333852, 1.413552]]], ""type"": ""Polygon""}}, {""type"": ""Feature"", ""properties"": {""group_index"": 0, ""value"": 600.0, ""center"": [110.33528476405138, 1.40983757900268], ""area"": 990110.88, ""reachfactor"": 0.4538, ""total_pop"": 2726.0}, ""geometry"": {""coordinates"": [[[110.33126, 1.405694], [110.331275, 1.405522], [110.331296, 1.405463], [110.331418, 1.40537], [110.334928, 1.403797], [110.337731, 1.40222], [110.338071, 1.402337], [110.338786, 1.406857], [110.340953, 1.408683], [110.341654, 1.409735], [110.3416, 1.410091], [110.340195, 1.410899], [110.336808, 1.415269], [110.332979, 1.417057], [110.332649, 1.416913], [110.333227, 1.411975], [110.333293, 1.408668], [110.33126, 1.405694]]], ""type"": ""Polygon""}}, {""type"": ""Feature"", ""properties"": {""group_index"": 0, ""value"": 900.0, ""center"": [110.33528476405138, 1.40983757900268], ""area"": 2126080.54, ""reachfactor"": 0.4331, ""total_pop"": 4211.0}, ""geometry"": {""coordinates"": [[[110.329506, 1.40478], [110.329571, 1.404725], [110.332165, 1.402862], [110.33585, 1.400723], [110.339541, 1.399083], [110.339794, 1.399339], [110.33961, 1.400151], [110.339386, 1.400434], [110.338071, 1.402337], [110.341468, 1.406843], [110.343583, 1.407867], [110.343929, 1.407965], [110.344773, 1.409863], [110.344907, 1.411154], [110.344876, 1.411369], [110.344634, 1.411763], [110.344587, 1.411792], [110.344479, 1.411795], [110.341075, 1.412656], [110.33905, 1.416825], [110.339017, 1.417183], [110.333477, 1.419465], [110.330249, 1.420502], [110.329983, 1.420259], [110.330439, 1.41954], [110.330918, 1.413608], [110.331049, 1.413272], [110.331622, 1.412137], [110.333293, 1.408668], [110.33126, 1.405694], [110.329506, 1.40478]]], ""type"": ""Polygon""}}], ""metadata"": {""attribution"": ""openrouteservice.org | OpenStreetMap contributors"", ""service"": ""isochrones"", ""timestamp"": 1631204675699, ""query"": {""locations"": [[110.3352371, 1.4098215]], ""range"": [900.0], ""range_type"": ""time"", ""attributes"": [""area"", ""reachfactor"", ""total_pop""], ""interval"": 300.0}, ""engine"": {""version"": ""6.6.1"", ""build_date"": ""2021-07-05T10:57:48Z"", ""graph_date"": ""2021-08-31T00:43:05Z""}}}",0.23788275,0.99011088,2.12608054,0.4361,0.4538,0.4331,764,2726,4211
10th Mile Bazaar,SR2,Serian Line,"110.3276619,1.4263315",110.3276619,1.4263315,Kuching,Red,"[110.3276619, 1.4263315]","{""type"": ""FeatureCollection"", ""bbox"": [110.317158, 1.416323, 110.333918, 1.437503], ""features"": [{""type"": ""Feature"", ""properties"": {""group_index"": 0, ""value"": 300.0, ""center"": [110.32761692401321, 1.4263346285804814], ""area"": 235811.39, ""reachfactor"": 0.4324, ""total_pop"": 1063.0}, ""geometry"": {""coordinates"": [[[110.324452, 1.426362], [110.324537, 1.426013], [110.325961, 1.423703], [110.327954, 1.422573], [110.32828, 1.422725], [110.327728, 1.424729], [110.328859, 1.428815], [110.328297, 1.429993], [110.327896, 1.430184], [110.32785, 1.430194], [110.327688, 1.430078], [110.326276, 1.429057], [110.32565, 1.428332], [110.324452, 1.426362]]], ""type"": ""Polygon""}}, {""type"": ""Feature"", ""properties"": {""group_index"": 0, ""value"": 600.0, ""center"": [110.32761692401321, 1.4263346285804814], ""area"": 1171462.11, ""reachfactor"": 0.537, ""total_pop"": 4090.0}, ""geometry"": {""coordinates"": [[[110.320683, 1.426506], [110.32082, 1.425252], [110.320969, 1.424924], [110.324168, 1.421121], [110.325002, 1.420278], [110.325358, 1.420221], [110.330327, 1.419674], [110.330602, 1.419739], [110.330605, 1.419831], [110.330603, 1.419905], [110.330563, 1.419953], [110.32949, 1.420853], [110.330067, 1.425968], [110.330174, 1.426312], [110.331234, 1.430717], [110.330221, 1.432111], [110.328426, 1.433847], [110.328136, 1.433758], [110.323717, 1.430174], [110.320799, 1.426847], [110.320683, 1.426506]]], ""type"": ""Polygon""}}, {""type"": ""Feature"", ""properties"": {""group_index"": 0, ""value"": 900.0, ""center"": [110.32761692401321, 1.4263346285804814], ""area"": 3055609.12, ""reachfactor"": 0.6225, ""total_pop"": 7483.0}, ""geometry"": {""coordinates"": [[[110.317158, 1.427298], [110.317836, 1.42325], [110.318053, 1.422963], [110.321533, 1.420863], [110.323393, 1.418741], [110.32538, 1.416323], [110.325722, 1.416435], [110.331556, 1.41668], [110.332697, 1.416565], [110.333023, 1.416717], [110.333551, 1.418896], [110.333474, 1.424453], [110.332957, 1.427607], [110.333861, 1.432196], [110.333918, 1.432551], [110.33096, 1.435626], [110.329088, 1.437461], [110.32873, 1.437495], [110.328194, 1.437503], [110.327834, 1.437493], [110.326855, 1.436694], [110.326127, 1.436031], [110.321558, 1.432198], [110.318758, 1.429264], [110.317187, 1.427657], [110.317158, 1.427298]]], ""type"": ""Polygon""}}], ""metadata"": {""attribution"": ""openrouteservice.org | OpenStreetMap contributors"", ""service"": ""isochrones"", ""timestamp"": 1631204676000, ""query"": {""locations"": [[110.3276619, 1.4263315]], ""range"": [900.0], ""range_type"": ""time"", ""attributes"": [""area"", ""reachfactor"", ""total_pop""], ""interval"": 300.0}, ""engine"": {""version"": ""6.6.1"", ""build_date"": ""2021-07-05T10:57:48Z"", ""graph_date"": ""2021-08-31T00:43:05Z""}}}",0.23581139,1.17146211,3.05560912,0.4324,0.537,0.6225,1063,4090,7483
SMK Wira Penrissen,SR3,Serian Line,"110.3289963,1.4448441",110.3289963,1.4448441,Kuching,Red,"[110.3289963, 1.4448441]","{""type"": ""FeatureCollection"", ""bbox"": [110.320254, 1.433175, 110.33766, 1.455751], ""features"": [{""type"": ""Feature"", ""properties"": {""group_index"": 0, ""value"": 300.0, ""center"": [110.32947837896111, 1.4449444447997566], ""area"": 271869.48, ""reachfactor"": 0.4985, ""total_pop"": 926.0}, ""geometry"": {""coordinates"": [[[110.327591, 1.447333], [110.328115, 1.442681], [110.328594, 1.441614], [110.329134, 1.441144], [110.329492, 1.44111], [110.330655, 1.441619], [110.332458, 1.443269], [110.332501, 1.443626], [110.329431, 1.447983], [110.328093, 1.448423], [110.327776, 1.448251], [110.327718, 1.448016], [110.327648, 1.447688], [110.327591, 1.447333]]], ""type"": ""Polygon""}}, {""type"": ""Feature"", ""properties"": {""group_index"": 0, ""value"": 600.0, ""center"": [110.32947837896111, 1.4449444447997566], ""area"": 1117838.11, ""reachfactor"": 0.5124, ""total_pop"": 2651.0}, ""geometry"": {""coordinates"": [[[110.323884, 1.447645], [110.323886, 1.447285], [110.325042, 1.445711], [110.327295, 1.441868], [110.327274, 1.439589], [110.327208, 1.439235], [110.32871, 1.437285], [110.329069, 1.437251], [110.331901, 1.43944], [110.334552, 1.444455], [110.334588, 1.444814], [110.333282, 1.446986], [110.330532, 1.450365], [110.326156, 1.451982], [110.325813, 1.451874], [110.323884, 1.447645]]], ""type"": ""Polygon""}}, {""type"": ""Feature"", ""properties"": {""group_index"": 0, ""value"": 900.0, ""center"": [110.32947837896111, 1.4449444447997566], ""area"": 2766795.73, ""reachfactor"": 0.5636, ""total_pop"": 6658.0}, ""geometry"": {""coordinates"": [[[110.320254, 1.447596], [110.320398, 1.447266], [110.321081, 1.446328], [110.324999, 1.443683], [110.323716, 1.440459], [110.323768, 1.440103], [110.324902, 1.437503], [110.328337, 1.433207], [110.328696, 1.433175], [110.333025, 1.436811], [110.334146, 1.437636], [110.336747, 1.442081], [110.33766, 1.443531], [110.337578, 1.445039], [110.337478, 1.445311], [110.337377, 1.445582], [110.334449, 1.449629], [110.333978, 1.450792], [110.332307, 1.452635], [110.330583, 1.454043], [110.325301, 1.455751], [110.324948, 1.455681], [110.325156, 1.454626], [110.325363, 1.453572], [110.321904, 1.449392], [110.320638, 1.448707], [110.320322, 1.448535], [110.320254, 1.447596]]], ""type"": ""Polygon""}}], ""metadata"": {""attribution"": ""openrouteservice.org | OpenStreetMap contributors"", ""service"": ""isochrones"", ""timestamp"": 1631204676288, ""query"": {""locations"": [[110.3289963, 1.4448441]], ""range"": [900.0], ""range_type"": ""time"", ""attributes"": [""area"", ""reachfactor"", ""total_pop""], ""interval"": 300.0}, ""engine"": {""version"": ""6.6.1"", ""build_date"": ""2021-07-05T10:57:48Z"", ""graph_date"": ""2021-08-31T00:43:05Z""}}}",0.27186948,1.11783811,2.76679573,0.4985,0.5124,0.5636,926,2651,6658
Sentosa Parade,SR4,Serian Line,"110.3278645,1.4650524",110.3278645,1.4650524,Kuching,Red,"[110.3278645, 1.4650524]","{""type"": ""FeatureCollection"", ""bbox"": [110.320201, 1.453788, 110.334973, 1.47584], ""features"": [{""type"": ""Feature"", ""properties"": {""group_index"": 0, ""value"": 300.0, ""center"": [110.32783274002743, 1.4650622888786358], ""area"": 162338.38, ""reachfactor"": 0.2976, ""total_pop"": 474.0}, ""geometry"": {""coordinates"": [[[110.325465, 1.465217], [110.326161, 1.461988], [110.326423, 1.461514], [110.326532, 1.461472], [110.326727, 1.461475], [110.326907, 1.461636], [110.32741, 1.462996], [110.328134, 1.465004], [110.328215, 1.46522], [110.328298, 1.465443], [110.328441, 1.465882], [110.328584, 1.466321], [110.328516, 1.468772], [110.328231, 1.468824], [110.328156, 1.468776], [110.32734, 1.468219], [110.327207, 1.46809], [110.327016, 1.467785], [110.325569, 1.465518], [110.325527, 1.4654], [110.325508, 1.465345], [110.325465, 1.465217]]], ""type"": ""Polygon""}}, {""type"": ""Feature"", ""properties"": {""group_index"": 0, ""value"": 600.0, ""center"": [110.32783274002743, 1.4650622888786358], ""area"": 930166.09, ""reachfactor"": 0.4264, ""total_pop"": 3502.0}, ""geometry"": {""coordinates"": [[[110.322846, 1.462926], [110.322956, 1.46129], [110.323025, 1.461116], [110.324918, 1.458132], [110.325105, 1.458068], [110.325453, 1.457973], [110.327268, 1.460742], [110.33051, 1.465651], [110.331492, 1.466712], [110.331902, 1.468758], [110.331468, 1.469548], [110.330389, 1.470834], [110.328824, 1.472374], [110.328679, 1.472471], [110.328319, 1.472484], [110.324829, 1.469944], [110.324171, 1.468387], [110.322846, 1.462926]]], ""type"": ""Polygon""}}, {""type"": ""Feature"", ""properties"": {""group_index"": 0, ""value"": 900.0, ""center"": [110.32783274002743, 1.4650622888786358], ""area"": 2256457.89, ""reachfactor"": 0.4597, ""total_pop"": 8284.0}, ""geometry"": {""coordinates"": [[[110.320201, 1.468292], [110.320375, 1.467724], [110.320501, 1.467387], [110.322476, 1.46356], [110.322589, 1.458837], [110.322593, 1.458589], [110.322597, 1.45834], [110.323179, 1.455967], [110.323288, 1.455756], [110.325321, 1.453788], [110.325674, 1.453858], [110.325777, 1.454001], [110.327462, 1.456895], [110.33032, 1.461891], [110.331715, 1.462426], [110.33463, 1.464807], [110.334859, 1.465085], [110.334973, 1.466339], [110.333881, 1.470935], [110.333272, 1.471808], [110.330387, 1.475661], [110.330074, 1.47584], [110.329431, 1.475747], [110.327457, 1.474773], [110.325097, 1.473218], [110.323065, 1.470736], [110.320469, 1.468533], [110.320201, 1.468292]]], ""type"": ""Polygon""}}], ""metadata"": {""attribution"": ""openrouteservice.org | OpenStreetMap contributors"", ""service"": ""isochrones"", ""timestamp"": 1631204676587, ""query"": {""locations"": [[110.3278645, 1.4650524]], ""range"": [900.0], ""range_type"": ""time"", ""attributes"": [""area"", ""reachfactor"", ""total_pop""], ""interval"": 300.0}, ""engine"": {""version"": ""6.6.1"", ""build_date"": ""2021-07-05T10:57:48Z"", ""graph_date"": ""2021-08-31T00:43:05Z""}}}",0.16233838,0.93016609,2.25645789,0.2976,0.4264,0.4597,474,3502,8284
Kuching Sentral,SR5,Serian Line,"110.3340325,1.4809685",110.3340325,1.4809685,Kuching,Red,"[110.33403249999999, 1.4809685]","{""type"": ""FeatureCollection"", ""bbox"": [110.325935, 1.47097, 110.343241, 1.490256], ""features"": [{""type"": ""Feature"", ""properties"": {""group_index"": 0, ""value"": 300.0, ""center"": [110.33417818262087, 1.4808826502283696], ""area"": 272352.9, ""reachfactor"": 0.4993, ""total_pop"": 687.0}, ""geometry"": {""coordinates"": [[[110.331915, 1.482479], [110.333017, 1.477733], [110.333251, 1.47746], [110.333538, 1.477345], [110.336243, 1.479045], [110.336272, 1.479404], [110.336486, 1.484059], [110.336164, 1.48422], [110.332166, 1.482897], [110.332011, 1.482826], [110.331915, 1.482479]]], ""type"": ""Polygon""}}, {""type"": ""Feature"", ""properties"": {""group_index"": 0, ""value"": 600.0, ""center"": [110.33417818262087, 1.4808826502283696], ""area"": 1023787.07, ""reachfactor"": 0.4693, ""total_pop"": 2270.0}, ""geometry"": {""coordinates"": [[[110.329915, 1.480971], [110.330467, 1.476232], [110.33135, 1.473953], [110.331663, 1.473776], [110.331828, 1.474069], [110.331993, 1.474362], [110.332857, 1.476357], [110.337655, 1.476799], [110.338003, 1.476706], [110.339293, 1.477274], [110.339615, 1.478529], [110.339592, 1.478888], [110.338505, 1.479525], [110.33809, 1.485321], [110.338287, 1.487268], [110.337941, 1.487367], [110.334788, 1.485234], [110.331382, 1.486111], [110.331288, 1.486131], [110.331058, 1.486018], [110.330307, 1.48442], [110.329915, 1.480971]]], ""type"": ""Polygon""}}, {""type"": ""Feature"", ""properties"": {""group_index"": 0, ""value"": 900.0, ""center"": [110.33417818262087, 1.4808826502283696], ""area"": 2489803.54, ""reachfactor"": 0.5072, ""total_pop"": 5620.0}, ""geometry"": {""coordinates"": [[[110.325935, 1.480886], [110.327614, 1.479624], [110.328705, 1.473965], [110.328609, 1.473719], [110.328545, 1.473481], [110.329164, 1.4726], [110.330316, 1.471105], [110.330449, 1.47097], [110.332306, 1.471026], [110.336529, 1.473269], [110.339709, 1.474501], [110.340112, 1.474756], [110.34104, 1.475658], [110.342423, 1.477516], [110.343241, 1.479286], [110.343017, 1.47952], [110.342351, 1.480268], [110.341747, 1.480174], [110.341143, 1.48008], [110.339282, 1.480197], [110.33809, 1.485321], [110.340305, 1.486555], [110.340373, 1.486569], [110.340522, 1.486627], [110.34079, 1.486746], [110.340935, 1.486821], [110.340872, 1.489499], [110.340359, 1.489991], [110.339637, 1.490256], [110.339476, 1.490014], [110.336844, 1.487914], [110.331122, 1.489651], [110.331015, 1.489706], [110.330823, 1.489786], [110.330465, 1.489749], [110.33035, 1.489603], [110.328712, 1.486971], [110.328832, 1.486632], [110.329467, 1.484997], [110.325955, 1.481246], [110.325935, 1.480886]]], ""type"": ""Polygon""}}], ""metadata"": {""attribution"": ""openrouteservice.org | OpenStreetMap contributors"", ""service"": ""isochrones"", ""timestamp"": 1631204676869, ""query"": {""locations"": [[110.33403249999999, 1.4809685]], ""range"": [900.0], ""range_type"": ""time"", ""attributes"": [""area"", ""reachfactor"", ""total_pop""], ""interval"": 300.0}, ""engine"": {""version"": ""6.6.1"", ""build_date"": ""2021-07-05T10:57:48Z"", ""graph_date"": ""2021-08-31T00:43:05Z""}}}",0.2723529,1.02378707,2.48980354,0.4993,0.4693,0.5072,687,2270,5620
Kuching International Airport,SR6,Serian Line,"110.3415521,1.4876307",110.3415521,1.4876307,Kuching,Red,"[110.3415521, 1.4876307]","{""type"": ""FeatureCollection"", ""bbox"": [110.334598, 1.48199, 110.35138, 1.494191], ""features"": [{""type"": ""Feature"", ""properties"": {""group_index"": 0, ""value"": 300.0, ""center"": [110.34155946454257, 1.487612006000978], ""area"": 109208.6, ""reachfactor"": 0.2002, ""total_pop"": 59.0}, ""geometry"": {""coordinates"": [[[110.338613, 1.488652], [110.338674, 1.488297], [110.339382, 1.487426], [110.340934, 1.487366], [110.342185, 1.487858], [110.343371, 1.488677], [110.343417, 1.488823], [110.343406, 1.489239], [110.343365, 1.490162], [110.343067, 1.490364], [110.338897, 1.488852], [110.338856, 1.488836], [110.338613, 1.488652]]], ""type"": ""Polygon""}}, {""type"": ""Feature"", ""properties"": {""group_index"": 0, ""value"": 600.0, ""center"": [110.34155946454257, 1.487612006000978], ""area"": 491475.82, ""reachfactor"": 0.2253, ""total_pop"": 759.0}, ""geometry"": {""coordinates"": [[[110.336706, 1.485302], [110.336713, 1.485113], [110.337014, 1.484914], [110.33809, 1.485321], [110.340594, 1.486462], [110.340742, 1.486527], [110.345079, 1.488782], [110.345836, 1.48942], [110.346904, 1.49165], [110.346773, 1.491985], [110.341127, 1.491688], [110.339102, 1.491077], [110.336844, 1.487914], [110.336706, 1.485302]]], ""type"": ""Polygon""}}, {""type"": ""Feature"", ""properties"": {""group_index"": 0, ""value"": 900.0, ""center"": [110.34155946454257, 1.487612006000978], ""area"": 1012886.81, ""reachfactor"": 0.2063, ""total_pop"": 1979.0}, ""geometry"": {""coordinates"": [[[110.334598, 1.482354], [110.334709, 1.482012], [110.335103, 1.48199], [110.335274, 1.482184], [110.335593, 1.482675], [110.33809, 1.485321], [110.340594, 1.486462], [110.340742, 1.486527], [110.343801, 1.488172], [110.345079, 1.488782], [110.349189, 1.491468], [110.351335, 1.492836], [110.35138, 1.493193], [110.349149, 1.494173], [110.34879, 1.494191], [110.348581, 1.494179], [110.344978, 1.49335], [110.339678, 1.492684], [110.338533, 1.493423], [110.338175, 1.493383], [110.337234, 1.492459], [110.336332, 1.490909], [110.335328, 1.486072], [110.334617, 1.48247], [110.334598, 1.482354]]], ""type"": ""Polygon""}}], ""metadata"": {""attribution"": ""openrouteservice.org | OpenStreetMap contributors"", ""service"": ""isochrones"", ""timestamp"": 1631204741185, ""query"": {""locations"": [[110.3415521, 1.4876307]], ""range"": [900.0], ""range_type"": ""time"", ""attributes"": [""area"", ""reachfactor"", ""total_pop""], ""interval"": 300.0}, ""engine"": {""version"": ""6.6.1"", ""build_date"": ""2021-07-05T10:57:48Z"", ""graph_date"": ""2021-08-31T00:43:05Z""}}}",0.1092086,0.49147582,1.01288681,0.2002,0.2253,0.2063,59,759,1979
RH Plaza,SR7,Serian Line,"110.3490735,1.5034763",110.3490735,1.5034763,Kuching,Red,"[110.34907350000002, 1.5034763]","{""type"": ""FeatureCollection"", ""bbox"": [110.338481, 1.492201, 110.359621, 1.513902], ""features"": [{""type"": ""Feature"", ""properties"": {""group_index"": 0, ""value"": 300.0, ""center"": [110.34890704931891, 1.5035180862150077], ""area"": 398095.95, ""reachfactor"": 0.7299, ""total_pop"": 1057.0}, ""geometry"": {""coordinates"": [[[110.345438, 1.502601], [110.345582, 1.502272], [110.345628, 1.502184], [110.348764, 1.499783], [110.349124, 1.499785], [110.349725, 1.50038], [110.352009, 1.502636], [110.352304, 1.504036], [110.352299, 1.504396], [110.349972, 1.50701], [110.349647, 1.507165], [110.346966, 1.506067], [110.346919, 1.506045], [110.346807, 1.505854], [110.345438, 1.502601]]], ""type"": ""Polygon""}}, {""type"": ""Feature"", ""properties"": {""group_index"": 0, ""value"": 600.0, ""center"": [110.34890704931891, 1.5035180862150077], ""area"": 1538287.0, ""reachfactor"": 0.7051, ""total_pop"": 6178.0}, ""geometry"": {""coordinates"": [[[110.341729, 1.501092], [110.34187, 1.500761], [110.345449, 1.498373], [110.348781, 1.496036], [110.348956, 1.495998], [110.349097, 1.495995], [110.352462, 1.498923], [110.353529, 1.500272], [110.356261, 1.504537], [110.356205, 1.504892], [110.356176, 1.504998], [110.352889, 1.507823], [110.351907, 1.509616], [110.351526, 1.510339], [110.351204, 1.5105], [110.346877, 1.508932], [110.345034, 1.509599], [110.344694, 1.509481], [110.344785, 1.506291], [110.342455, 1.502085], [110.341809, 1.501249], [110.341729, 1.501092]]], ""type"": ""Polygon""}}, {""type"": ""Feature"", ""properties"": {""group_index"": 0, ""value"": 900.0, ""center"": [110.34890704931891, 1.5035180862150077], ""area"": 3436388.82, ""reachfactor"": 0.7001, ""total_pop"": 13625.0}, ""geometry"": {""coordinates"": [[[110.338481, 1.499897], [110.338533, 1.499541], [110.342234, 1.497088], [110.343192, 1.496611], [110.346036, 1.494807], [110.34797, 1.492484], [110.348193, 1.492201], [110.349227, 1.492398], [110.351354, 1.492833], [110.352559, 1.49498], [110.35587, 1.49785], [110.355982, 1.498192], [110.355681, 1.500948], [110.358611, 1.503596], [110.358891, 1.503823], [110.359161, 1.504031], [110.359621, 1.505827], [110.359518, 1.506172], [110.359447, 1.506274], [110.356957, 1.507887], [110.354538, 1.511024], [110.354037, 1.512013], [110.353791, 1.512476], [110.352953, 1.513838], [110.352598, 1.513902], [110.350045, 1.512341], [110.344182, 1.51281], [110.344091, 1.512775], [110.343095, 1.512132], [110.342671, 1.511515], [110.341867, 1.509555], [110.341629, 1.505885], [110.341154, 1.504006], [110.338481, 1.499897]]], ""type"": ""Polygon""}}], ""metadata"": {""attribution"": ""openrouteservice.org | OpenStreetMap contributors"", ""service"": ""isochrones"", ""timestamp"": 1631204741495, ""query"": {""locations"": [[110.34907350000002, 1.5034763]], ""range"": [900.0], ""range_type"": ""time"", ""attributes"": [""area"", ""reachfactor"", ""total_pop""], ""interval"": 300.0}, ""engine"": {""version"": ""6.6.1"", ""build_date"": ""2021-07-05T10:57:48Z"", ""graph_date"": ""2021-08-31T00:43:05Z""}}}",0.39809595,1.538287,3.43638882,0.7299,0.7051,0.7001,1057,6178,13625
Emporium,SR8,Serian Line,"110.3530777,1.5159708",110.3530777,1.5159708,Kuching,Red,"[110.3530777, 1.5159708]","{""type"": ""FeatureCollection"", ""bbox"": [110.344585, 1.505404, 110.359697, 1.5268], ""features"": [{""type"": ""Feature"", ""properties"": {""group_index"": 0, ""value"": 300.0, ""center"": [110.35302231458932, 1.5159806719589928], ""area"": 158529.66, ""reachfactor"": 0.2907, ""total_pop"": 670.0}, ""geometry"": {""coordinates"": [[[110.351166, 1.513962], [110.351192, 1.513505], [110.351195, 1.513478], [110.351254, 1.513338], [110.351895, 1.512162], [110.352217, 1.512002], [110.35232, 1.51221], [110.352422, 1.512417], [110.352856, 1.513303], [110.353078, 1.513751], [110.353183, 1.514096], [110.353825, 1.519197], [110.354024, 1.520271], [110.353671, 1.520337], [110.352496, 1.51967], [110.352412, 1.519572], [110.351166, 1.513962]]], ""type"": ""Polygon""}}, {""type"": ""Feature"", ""properties"": {""group_index"": 0, ""value"": 600.0, ""center"": [110.35302231458932, 1.5159806719589928], ""area"": 1030818.24, ""reachfactor"": 0.4725, ""total_pop"": 5502.0}, ""geometry"": {""coordinates"": [[[110.347915, 1.51276], [110.347966, 1.512123], [110.350364, 1.509062], [110.350686, 1.508902], [110.354497, 1.511408], [110.355366, 1.512595], [110.355554, 1.512902], [110.3559, 1.514366], [110.355817, 1.515461], [110.35596, 1.521038], [110.35484, 1.523584], [110.354511, 1.52373], [110.351737, 1.522246], [110.34973, 1.520317], [110.349087, 1.518176], [110.347915, 1.51276]]], ""type"": ""Polygon""}}, {""type"": ""Feature"", ""properties"": {""group_index"": 0, ""value"": 900.0, ""center"": [110.35302231458932, 1.5159806719589928], ""area"": 2697162.39, ""reachfactor"": 0.5495, ""total_pop"": 14163.0}, ""geometry"": {""coordinates"": [[[110.344585, 1.512828], [110.344592, 1.512733], [110.345071, 1.510959], [110.345189, 1.510619], [110.348229, 1.506605], [110.348465, 1.505563], [110.348788, 1.505404], [110.353986, 1.50827], [110.358669, 1.51095], [110.358782, 1.511292], [110.358967, 1.51342], [110.359697, 1.519196], [110.357043, 1.523856], [110.356787, 1.525576], [110.356677, 1.526622], [110.356364, 1.5268], [110.35374, 1.526205], [110.349149, 1.523666], [110.347635, 1.522511], [110.3463, 1.520464], [110.346116, 1.518773], [110.344827, 1.513759], [110.344585, 1.512828]]], ""type"": ""Polygon""}}], ""metadata"": {""attribution"": ""openrouteservice.org | OpenStreetMap contributors"", ""service"": ""isochrones"", ""timestamp"": 1631204741817, ""query"": {""locations"": [[110.3530777, 1.5159708]], ""range"": [900.0], ""range_type"": ""time"", ""attributes"": [""area"", ""reachfactor"", ""total_pop""], ""interval"": 300.0}, ""engine"": {""version"": ""6.6.1"", ""build_date"": ""2021-07-05T10:57:48Z"", ""graph_date"": ""2021-08-31T00:43:05Z""}}}",0.15852966,1.03081824,2.69716239,0.2907,0.4725,0.5495,670,5502,14163
Swinburne University,SR9,Serian Line,"110.3580678,1.5322919",110.3580678,1.5322919,Kuching,Red,"[110.3580678, 1.5322919]","{""type"": ""FeatureCollection"", ""bbox"": [110.349227, 1.522495, 110.366215, 1.542416], ""features"": [{""type"": ""Feature"", ""properties"": {""group_index"": 0, ""value"": 300.0, ""center"": [110.35792969921519, 1.5322877495626928], ""area"": 201719.85, ""reachfactor"": 0.3698, ""total_pop"": 1183.0}, ""geometry"": {""coordinates"": [[[110.355426, 1.533574], [110.355707, 1.530997], [110.355892, 1.530796], [110.358017, 1.529592], [110.358352, 1.529462], [110.358519, 1.529427], [110.358738, 1.529713], [110.359994, 1.531319], [110.359893, 1.531664], [110.356951, 1.535486], [110.356629, 1.535324], [110.355833, 1.534241], [110.355426, 1.533574]]], ""type"": ""Polygon""}}, {""type"": ""Feature"", ""properties"": {""group_index"": 0, ""value"": 600.0, ""center"": [110.35792969921519, 1.5322877495626928], ""area"": 1061971.99, ""reachfactor"": 0.4868, ""total_pop"": 5517.0}, ""geometry"": {""coordinates"": [[[110.352059, 1.529846], [110.352299, 1.529578], [110.354371, 1.527649], [110.356118, 1.526368], [110.356431, 1.52619], [110.360298, 1.527315], [110.360482, 1.52744], [110.361196, 1.527952], [110.362137, 1.528772], [110.363543, 1.532169], [110.363359, 1.532478], [110.359852, 1.534666], [110.355796, 1.537791], [110.355405, 1.538836], [110.355056, 1.538748], [110.353606, 1.536547], [110.353084, 1.534623], [110.352059, 1.529846]]], ""type"": ""Polygon""}}, {""type"": ""Feature"", ""properties"": {""group_index"": 0, ""value"": 900.0, ""center"": [110.35792969921519, 1.5322877495626928], ""area"": 2399200.92, ""reachfactor"": 0.4888, ""total_pop"": 12107.0}, ""geometry"": {""coordinates"": [[[110.349227, 1.528298], [110.349306, 1.527947], [110.351336, 1.525343], [110.354101, 1.522597], [110.354446, 1.522495], [110.356056, 1.524409], [110.360199, 1.52475], [110.361116, 1.524613], [110.361474, 1.524576], [110.362523, 1.52471], [110.362796, 1.524944], [110.365561, 1.527809], [110.365762, 1.528027], [110.365874, 1.528369], [110.365882, 1.531932], [110.366215, 1.534382], [110.365931, 1.534604], [110.362969, 1.53559], [110.36052, 1.537214], [110.357717, 1.538071], [110.355826, 1.542162], [110.355571, 1.542416], [110.354829, 1.542383], [110.354505, 1.542228], [110.352342, 1.539518], [110.352245, 1.538761], [110.352326, 1.538482], [110.35247, 1.537945], [110.353084, 1.534623], [110.352028, 1.53176], [110.349227, 1.528298]]], ""type"": ""Polygon""}}], ""metadata"": {""attribution"": ""openrouteservice.org | OpenStreetMap contributors"", ""service"": ""isochrones"", ""timestamp"": 1631204742132, ""query"": {""locations"": [[110.3580678, 1.5322919]], ""range"": [900.0], ""range_type"": ""time"", ""attributes"": [""area"", ""reachfactor"", ""total_pop""], ""interval"": 300.0}, ""engine"": {""version"": ""6.6.1"", ""build_date"": ""2021-07-05T10:57:48Z"", ""graph_date"": ""2021-08-31T00:43:05Z""}}}",0.20171985,1.06197199,2.39920092,0.3698,0.4868,0.4888,1183,5517,12107
Wisma Persekutuan Public Carpark,IS1,Serian Line,"110.3614022,1.5335685",110.3614022,1.5335685,Kuching,Red,"[110.36140220000001, 1.5335685]","{""type"": ""FeatureCollection"", ""bbox"": [110.355222, 1.52746, 110.369536, 1.542932], ""features"": [{""type"": ""Feature"", ""properties"": {""group_index"": 0, ""value"": 300.0, ""center"": [110.36129617008484, 1.5338493853922797], ""area"": 171341.21, ""reachfactor"": 0.3141, ""total_pop"": 1172.0}, ""geometry"": {""coordinates"": [[[110.358577, 1.534991], [110.358949, 1.534059], [110.359091, 1.533728], [110.359384, 1.533634], [110.364629, 1.53383], [110.364711, 1.534181], [110.363151, 1.536712], [110.362796, 1.53677], [110.359326, 1.535901], [110.358994, 1.535761], [110.358577, 1.534991]]], ""type"": ""Polygon""}}, {""type"": ""Feature"", ""properties"": {""group_index"": 0, ""value"": 600.0, ""center"": [110.36129617008484, 1.5338493853922797], ""area"": 818778.53, ""reachfactor"": 0.3753, ""total_pop"": 4797.0}, ""geometry"": {""coordinates"": [[[110.356078, 1.536687], [110.356213, 1.536394], [110.356455, 1.535926], [110.35876, 1.530816], [110.359974, 1.530341], [110.360334, 1.530361], [110.362798, 1.531725], [110.363381, 1.532072], [110.363964, 1.532419], [110.364356, 1.532664], [110.364746, 1.532906], [110.365059, 1.533174], [110.36535, 1.533424], [110.365874, 1.533945], [110.366058, 1.534181], [110.366247, 1.534425], [110.36666, 1.535013], [110.36742, 1.536081], [110.365356, 1.538415], [110.364738, 1.53897], [110.364294, 1.539326], [110.361911, 1.539294], [110.361099, 1.539154], [110.357415, 1.537995], [110.357297, 1.537955], [110.35719, 1.537916], [110.356986, 1.537815], [110.356782, 1.537714], [110.356078, 1.536687]]], ""type"": ""Polygon""}}, {""type"": ""Feature"", ""properties"": {""group_index"": 0, ""value"": 900.0, ""center"": [110.36129617008484, 1.5338493853922797], ""area"": 1794184.83, ""reachfactor"": 0.3655, ""total_pop"": 10277.0}, ""geometry"": {""coordinates"": [[[110.355222, 1.539994], [110.355312, 1.538997], [110.355317, 1.538949], [110.35536, 1.538713], [110.355424, 1.53848], [110.355503, 1.538282], [110.356078, 1.536687], [110.355286, 1.53135], [110.355224, 1.530995], [110.35714, 1.527688], [110.357475, 1.527556], [110.360111, 1.527463], [110.360123, 1.527463], [110.360228, 1.52746], [110.362911, 1.528783], [110.365874, 1.533945], [110.368705, 1.536673], [110.369495, 1.537323], [110.369536, 1.53768], [110.369428, 1.53867], [110.36935, 1.538765], [110.367246, 1.540429], [110.365419, 1.541533], [110.363055, 1.542932], [110.362721, 1.542799], [110.360715, 1.541662], [110.355425, 1.540155], [110.355232, 1.540094], [110.355222, 1.539994]]], ""type"": ""Polygon""}}], ""metadata"": {""attribution"": ""openrouteservice.org | OpenStreetMap contributors"", ""service"": ""isochrones"", ""timestamp"": 1631204742432, ""query"": {""locations"": [[110.36140220000001, 1.5335685]], ""range"": [900.0], ""range_type"": ""time"", ""attributes"": [""area"", ""reachfactor"", ""total_pop""], ""interval"": 300.0}, ""engine"": {""version"": ""6.6.1"", ""build_date"": ""2021-07-05T10:57:48Z"", ""graph_date"": ""2021-08-31T00:43:05Z""}}}",0.17134121,0.81877853,1.79418483,0.3141,0.3753,0.3655,1172,4797,10277
Chung Hua Middle School No. 3,SR11,Serian Line,"110.3703317,1.5403526",110.3703317,1.5403526,Kuching,Red,"[110.37033170000001, 1.5403526]","{""type"": ""FeatureCollection"", ""bbox"": [110.361926, 1.5296, 110.379462, 1.55077], ""features"": [{""type"": ""Feature"", ""properties"": {""group_index"": 0, ""value"": 300.0, ""center"": [110.37027779158055, 1.540391431780945], ""area"": 348308.35, ""reachfactor"": 0.6386, ""total_pop"": 2124.0}, ""geometry"": {""coordinates"": [[[110.367118, 1.540129], [110.367138, 1.539959], [110.367891, 1.537137], [110.368183, 1.536927], [110.368674, 1.537076], [110.368806, 1.537167], [110.372844, 1.540047], [110.373073, 1.540325], [110.372978, 1.54353], [110.372703, 1.543762], [110.369696, 1.543985], [110.369372, 1.543827], [110.367317, 1.540596], [110.367204, 1.540405], [110.367118, 1.540129]]], ""type"": ""Polygon""}}, {""type"": ""Feature"", ""properties"": {""group_index"": 0, ""value"": 600.0, ""center"": [110.37027779158055, 1.540391431780945], ""area"": 1402348.12, ""reachfactor"": 0.6428, ""total_pop"": 8912.0}, ""geometry"": {""coordinates"": [[[110.364192, 1.540178], [110.364682, 1.538064], [110.36563, 1.534218], [110.365914, 1.533997], [110.368011, 1.533509], [110.368371, 1.533496], [110.370661, 1.535058], [110.373659, 1.537114], [110.373931, 1.53735], [110.37609, 1.540603], [110.376109, 1.54206], [110.375751, 1.544818], [110.375707, 1.545175], [110.375668, 1.545302], [110.371425, 1.547101], [110.368608, 1.54761], [110.368291, 1.547439], [110.367725, 1.546132], [110.366805, 1.54343], [110.364334, 1.540509], [110.364192, 1.540178]]], ""type"": ""Polygon""}}, {""type"": ""Feature"", ""properties"": {""group_index"": 0, ""value"": 900.0, ""center"": [110.37027779158055, 1.540391431780945], ""area"": 3299846.46, ""reachfactor"": 0.6722, ""total_pop"": 19755.0}, ""geometry"": {""coordinates"": [[[110.361926, 1.537406], [110.362588, 1.53202], [110.362772, 1.53171], [110.368066, 1.529601], [110.368089, 1.5296], [110.368255, 1.529753], [110.371247, 1.53215], [110.376542, 1.534945], [110.376841, 1.535145], [110.376918, 1.535466], [110.378366, 1.541029], [110.379388, 1.545261], [110.379422, 1.545402], [110.379462, 1.545578], [110.379454, 1.545698], [110.376055, 1.548675], [110.372362, 1.55031], [110.372273, 1.550332], [110.367238, 1.55077], [110.366939, 1.55057], [110.365784, 1.548496], [110.365313, 1.547174], [110.362426, 1.543391], [110.362302, 1.543102], [110.361953, 1.54184], [110.361926, 1.537406]]], ""type"": ""Polygon""}}], ""metadata"": {""attribution"": ""openrouteservice.org | OpenStreetMap contributors"", ""service"": ""isochrones"", ""timestamp"": 1631204742746, ""query"": {""locations"": [[110.37033170000001, 1.5403526]], ""range"": [900.0], ""range_type"": ""time"", ""attributes"": [""area"", ""reachfactor"", ""total_pop""], ""interval"": 300.0}, ""engine"": {""version"": ""6.6.1"", ""build_date"": ""2021-07-05T10:57:48Z"", ""graph_date"": ""2021-08-31T00:43:05Z""}}}",0.34830835,1.40234812,3.29984646,0.6386,0.6428,0.6722,2124,8912,19755
Puspakom,SR12,Serian Line,"110.3849633,1.5542999",110.3849633,1.5542999,Kuching,Red,"[110.3849633, 1.5542999]","{""type"": ""FeatureCollection"", ""bbox"": [110.375265, 1.545173, 110.394407, 1.563547], ""features"": [{""type"": ""Feature"", ""properties"": {""group_index"": 0, ""value"": 300.0, ""center"": [110.3849938139143, 1.5543495157799065], ""area"": 225792.99, ""reachfactor"": 0.414, ""total_pop"": 1647.0}, ""geometry"": {""coordinates"": [[[110.381723, 1.556181], [110.381771, 1.555968], [110.381792, 1.555876], [110.381839, 1.555689], [110.382143, 1.555496], [110.386404, 1.552779], [110.387233, 1.55146], [110.387592, 1.551433], [110.387811, 1.551753], [110.388369, 1.554239], [110.388267, 1.554584], [110.384994, 1.557168], [110.384684, 1.557352], [110.382597, 1.556865], [110.381908, 1.55649], [110.381723, 1.556181]]], ""type"": ""Polygon""}}, {""type"": ""Feature"", ""properties"": {""group_index"": 0, ""value"": 600.0, ""center"": [110.3849938139143, 1.5543495157799065], ""area"": 1298232.7, ""reachfactor"": 0.5951, ""total_pop"": 6975.0}, ""geometry"": {""coordinates"": [[[110.378515, 1.558121], [110.379771, 1.553707], [110.38078, 1.551875], [110.381115, 1.551742], [110.385573, 1.54824], [110.3858, 1.54796], [110.38988, 1.548758], [110.390206, 1.549284], [110.390217, 1.549324], [110.390221, 1.549339], [110.390228, 1.54938], [110.391259, 1.555142], [110.391243, 1.55533], [110.391198, 1.555415], [110.389787, 1.556025], [110.386934, 1.559861], [110.386776, 1.559949], [110.386617, 1.560036], [110.385662, 1.560118], [110.384542, 1.560166], [110.382332, 1.559318], [110.378702, 1.558428], [110.378515, 1.558121]]], ""type"": ""Polygon""}}, {""type"": ""Feature"", ""properties"": {""group_index"": 0, ""value"": 900.0, ""center"": [110.3849938139143, 1.5543495157799065], ""area"": 2800577.46, ""reachfactor"": 0.5705, ""total_pop"": 13637.0}, ""geometry"": {""coordinates"": [[[110.375265, 1.560615], [110.376106, 1.558801], [110.376619, 1.55792], [110.378486, 1.552966], [110.378535, 1.549671], [110.378567, 1.549462], [110.378714, 1.549133], [110.382472, 1.546196], [110.38734, 1.545351], [110.38867, 1.545173], [110.38903, 1.545175], [110.389222, 1.545245], [110.390507, 1.546109], [110.392989, 1.549756], [110.394008, 1.552097], [110.394407, 1.557193], [110.394288, 1.557572], [110.394046, 1.557839], [110.389564, 1.560094], [110.38602, 1.563359], [110.385829, 1.56353], [110.38547, 1.563547], [110.382776, 1.561384], [110.378205, 1.559256], [110.376316, 1.560381], [110.375866, 1.560736], [110.37554, 1.560848], [110.375265, 1.560615]]], ""type"": ""Polygon""}}], ""metadata"": {""attribution"": ""openrouteservice.org | OpenStreetMap contributors"", ""service"": ""isochrones"", ""timestamp"": 1631204743075, ""query"": {""locations"": [[110.3849633, 1.5542999]], ""range"": [900.0], ""range_type"": ""time"", ""attributes"": [""area"", ""reachfactor"", ""total_pop""], ""interval"": 300.0}, ""engine"": {""version"": ""6.6.1"", ""build_date"": ""2021-07-05T10:57:48Z"", ""graph_date"": ""2021-08-31T00:43:05Z""}}}",0.22579299,1.2982327,2.80057746,0.414,0.5951,0.5705,1647,6975,13637
Bintawa Industrial Estate,SR13,Serian Line,"110.387922,1.5660575",110.387922,1.5660575,Kuching,Red,"[110.387922, 1.5660575]","{""type"": ""FeatureCollection"", ""bbox"": [110.38051, 1.557355, 110.397849, 1.575026], ""features"": [{""type"": ""Feature"", ""properties"": {""group_index"": 0, ""value"": 300.0, ""center"": [110.387922284807, 1.5660610814526552], ""area"": 268623.77, ""reachfactor"": 0.4925, ""total_pop"": 1925.0}, ""geometry"": {""coordinates"": [[[110.384507, 1.566096], [110.385521, 1.564488], [110.38588, 1.564476], [110.390225, 1.564375], [110.390268, 1.564373], [110.390443, 1.564473], [110.391312, 1.565902], [110.391335, 1.565974], [110.390692, 1.56763], [110.388215, 1.568242], [110.385927, 1.568239], [110.385669, 1.568206], [110.384534, 1.566455], [110.384507, 1.566096]]], ""type"": ""Polygon""}}, {""type"": ""Feature"", ""properties"": {""group_index"": 0, ""value"": 600.0, ""center"": [110.387922284807, 1.5660610814526552], ""area"": 1299608.31, ""reachfactor"": 0.5957, ""total_pop"": 7543.0}, ""geometry"": {""coordinates"": [[[110.381204, 1.567573], [110.381352, 1.566842], [110.381437, 1.566684], [110.383316, 1.563251], [110.385057, 1.560736], [110.385298, 1.560732], [110.389704, 1.560803], [110.392185, 1.562677], [110.392865, 1.563267], [110.394687, 1.565024], [110.394941, 1.565279], [110.393341, 1.5684], [110.392035, 1.570208], [110.391008, 1.570971], [110.386314, 1.571697], [110.385954, 1.571574], [110.385891, 1.57155], [110.384763, 1.571085], [110.381442, 1.567842], [110.381204, 1.567573]]], ""type"": ""Polygon""}}, {""type"": ""Feature"", ""properties"": {""group_index"": 0, ""value"": 900.0, ""center"": [110.387922284807, 1.5660610814526552], ""area"": 2790329.64, ""reachfactor"": 0.5684, ""total_pop"": 15618.0}, ""geometry"": {""coordinates"": [[[110.38051, 1.570276], [110.380548, 1.568076], [110.381437, 1.566684], [110.382776, 1.561384], [110.382612, 1.559629], [110.38276, 1.558924], [110.383061, 1.557688], [110.383372, 1.557506], [110.388985, 1.557355], [110.389188, 1.557357], [110.389532, 1.557461], [110.392933, 1.559869], [110.397689, 1.562302], [110.397849, 1.562625], [110.396948, 1.568226], [110.395909, 1.569666], [110.393374, 1.572438], [110.391809, 1.574237], [110.39179, 1.574257], [110.39012, 1.574657], [110.389761, 1.574683], [110.386183, 1.574994], [110.385825, 1.575026], [110.382725, 1.572973], [110.380561, 1.57117], [110.380536, 1.570723], [110.38051, 1.570276]]], ""type"": ""Polygon""}}], ""metadata"": {""attribution"": ""openrouteservice.org | OpenStreetMap contributors"", ""service"": ""isochrones"", ""timestamp"": 1631204743388, ""query"": {""locations"": [[110.387922, 1.5660575]], ""range"": [900.0], ""range_type"": ""time"", ""attributes"": [""area"", ""reachfactor"", ""total_pop""], ""interval"": 300.0}, ""engine"": {""version"": ""6.6.1"", ""build_date"": ""2021-07-05T10:57:48Z"", ""graph_date"": ""2021-08-31T00:43:05Z""}}}",0.26862377,1.29960831,2.79032964,0.4925,0.5957,0.5684,1925,7543,15618
Borneo Convention Centre Kuching,SR14,Serian Line,"110.4024273,1.5630062",110.4024273,1.5630062,Kuching,Red,"[110.4024273, 1.5630062]","{""type"": ""FeatureCollection"", ""bbox"": [110.392442, 1.557849, 110.409366, 1.571582], ""features"": [{""type"": ""Feature"", ""properties"": {""group_index"": 0, ""value"": 300.0, ""center"": [110.40241496692933, 1.5630330342824281], ""area"": 225912.36, ""reachfactor"": 0.4142, ""total_pop"": 107.0}, ""geometry"": {""coordinates"": [[[110.396253, 1.563279], [110.396461, 1.563094], [110.396678, 1.562902], [110.39689, 1.562739], [110.397139, 1.562576], [110.397428, 1.562432], [110.397737, 1.56228], [110.398083, 1.562159], [110.398452, 1.562032], [110.398652, 1.56199], [110.398874, 1.561945], [110.404248, 1.560979], [110.404642, 1.561009], [110.405239, 1.561472], [110.405343, 1.561816], [110.405987, 1.56457], [110.40576, 1.564849], [110.405644, 1.564974], [110.405475, 1.565], [110.405058, 1.565032], [110.404752, 1.564842], [110.402708, 1.563366], [110.402105, 1.563089], [110.396493, 1.563548], [110.396253, 1.563279]]], ""type"": ""Polygon""}}, {""type"": ""Feature"", ""properties"": {""group_index"": 0, ""value"": 600.0, ""center"": [110.40241496692933, 1.5630330342824281], ""area"": 580766.51, ""reachfactor"": 0.2662, ""total_pop"": 286.0}, ""geometry"": {""coordinates"": [[[110.3956, 1.563835], [110.395713, 1.562408], [110.398248, 1.561118], [110.400959, 1.558721], [110.401268, 1.558726], [110.404065, 1.558771], [110.404174, 1.558852], [110.406759, 1.562008], [110.40685, 1.56241], [110.40772, 1.566407], [110.407872, 1.567807], [110.407795, 1.567885], [110.407457, 1.568008], [110.405615, 1.565617], [110.404867, 1.564998], [110.402708, 1.563366], [110.402105, 1.563089], [110.401654, 1.562871], [110.395882, 1.564202], [110.395611, 1.563965], [110.3956, 1.563835]]], ""type"": ""Polygon""}}, {""type"": ""Feature"", ""properties"": {""group_index"": 0, ""value"": 900.0, ""center"": [110.40241496692933, 1.5630330342824281], ""area"": 845264.15, ""reachfactor"": 0.1722, ""total_pop"": 381.0}, ""geometry"": {""coordinates"": [[[110.392442, 1.565664], [110.392587, 1.56538], [110.395924, 1.561345], [110.397024, 1.559451], [110.39867, 1.558226], [110.398952, 1.558018], [110.399125, 1.557933], [110.399353, 1.557869], [110.399566, 1.557849], [110.399735, 1.557857], [110.404065, 1.558771], [110.404174, 1.558852], [110.406759, 1.562008], [110.40685, 1.56241], [110.40772, 1.566407], [110.409299, 1.570476], [110.409343, 1.570629], [110.409366, 1.570924], [110.409011, 1.571483], [110.408665, 1.571582], [110.408232, 1.571566], [110.408126, 1.571271], [110.407652, 1.568533], [110.405615, 1.565617], [110.404867, 1.564998], [110.402708, 1.563366], [110.402105, 1.563089], [110.401654, 1.562871], [110.395882, 1.564202], [110.394822, 1.565143], [110.394705, 1.56526], [110.394558, 1.565366], [110.394343, 1.565478], [110.394218, 1.565527], [110.394092, 1.565558], [110.392825, 1.565852], [110.392467, 1.565892], [110.392442, 1.565664]]], ""type"": ""Polygon""}}], ""metadata"": {""attribution"": ""openrouteservice.org | OpenStreetMap contributors"", ""service"": ""isochrones"", ""timestamp"": 1631204743675, ""query"": {""locations"": [[110.4024273, 1.5630062]], ""range"": [900.0], ""range_type"": ""time"", ""attributes"": [""area"", ""reachfactor"", ""total_pop""], ""interval"": 300.0}, ""engine"": {""version"": ""6.6.1"", ""build_date"": ""2021-07-05T10:57:48Z"", ""graph_date"": ""2021-08-31T00:43:05Z""}}}",0.22591236,0.58076651,0.84526415,0.4142,0.2662,0.1722,107,286,381
