Name,Route Name,Latitude,Longitude,Line Colour,5 Minute Range Area,10 Minute Range Area,15 Minute Range Area,5 Minute Reach Factor,10 Minute Reach Factor,15 Minute Reach Factor,5 Minute Population,10 Minute Population,15 Minute Population,City
0,TAMAN WAHYU,Seremban Line,3.2145439,101.67218220000001,Blue,0.32502953,1.21931523,2.01372087,0.5959,0.5589,0.4102,2980,7370,12875,Kuala Lumpur
1,KAMPUNG BATU,Seremban Line,3.2047963,101.675646,Blue,0.16784903,0.93091182,2.17127068,0.3077,0.4267,0.4423,1635,7742,16314,Kuala Lumpur
2,MID VALLEY,Seremban Line,3.1185282,101.6789854,Blue,0.27048784,1.20720364,2.48414194,0.4959,0.5533,0.5061,1951,7295,16640,Kuala Lumpur
3,BATU KENTOMEN,Seremban Line,3.1983357000000003,101.6811632,Blue,0.12951718,0.6638397,1.48011698,0.2375,0.3043,0.3015,1097,5876,12777,Kuala Lumpur
4,BATU CAVES,Seremban Line,3.2378874,101.6811872,Blue,0.22497591,1.02597001,2.19616191,0.4125,0.4703,0.4474,1969,7057,17254,Kuala Lumpur
5,SEPUTEH,Seremban Line,3.1136966,101.68129920000001,Blue,0.24695309,0.9032924999999999,2.04364832,0.4528,0.414,0.4163,1815,5584,13698,Kuala Lumpur
6,SENTUL,Seremban Line,3.1823031000000004,101.6887043,Blue,0.14691288,0.77416673,2.14679816,0.2694,0.3549,0.4373,817,4808,14209,Kuala Lumpur
7,PUTRA,Seremban Line,3.165005,101.691234,Blue,0.24300364,0.86851407,2.1587216000000002,0.4455,0.3981,0.4398,756,5526,12034,Kuala Lumpur
8,BANK NEGARA,Seremban Line,3.1545422000000003,101.6930105,Blue,0.26691009,1.13775825,2.66303866,0.4894,0.5215,0.5425,1988,7451,15927,Kuala Lumpur
9,KUALA LUMPUR,Seremban Line,3.1395126,101.6937889,Blue,0.2173759,1.11858001,2.79807204,0.3986,0.5127,0.57,1712,8106,16499,Kuala Lumpur
10,SALAK SELATAN,Seremban Line,3.098229,101.70535670000001,Blue,0.14826303,0.40280231,0.77668935,0.2718,0.1846,0.1582,1024,2928,5716,Kuala Lumpur
11,BANDAR TASIK SELATAN,Seremban Line,3.0763130000000003,101.711115,Blue,0.07591765,0.37747057,1.08777585,0.1392,0.17300000000000001,0.2216,606,3682,8635,Kuala Lumpur
12,SERDANG,Seremban Line,3.0231837,101.71593320000001,Blue,0.06805375,0.18251768,0.29188265,0.1248,0.0837,0.0595,560,1209,2395,Kuala Lumpur
13,BANGI,Seremban Line,3.024255,101.71101800000001,Blue,0.07905383,0.25101196,0.64270174,0.1449,0.1151,0.1309,630,1817,6771,Kuala Lumpur
14,UKM,Seremban Line,2.9396732000000005,101.7878345,Blue,0.17442169,0.77858531,1.89625466,0.3198,0.3569,0.3863,565,3129,6365,Kuala Lumpur
15,KAJANG,Seremban Line,2.983108,101.79052340000001,Blue,0.12741632,0.53375698,1.49313344,0.2336,0.2447,0.3042,0,2354,8480,Kuala Lumpur
16,NILAI,Seremban Line,2.802336,101.7998029,Blue,0.13816735,0.67900321,1.45951211,0.2533,0.3112,0.2973,301,1101,2842,Kuala Lumpur
17,LABU,Seremban Line,2.7540313999999997,101.8266068,Blue,0.18085449,0.58214818,1.54205525,0.3316,0.2668,0.3141,347,747,1321,Kuala Lumpur
18,BATANG BENAR,Seremban Line,2.8303933,101.8268143,Blue,0.14079759,0.56711463,1.2556628,0.2581,0.2599,0.2558,301,1023,2186,Kuala Lumpur
19,TIROI,Seremban Line,2.7413407000000003,101.8719558,Blue,0.10197641,0.37310711,0.72429019,0.187,0.171,0.1476,300,546,763,Kuala Lumpur
20,SEREMBAN,Seremban Line,2.7188307999999997,101.9404842,Blue,0.17407785,0.98667713,2.33026197,0.3192,0.4523,0.4747,723,4073,7385,Kuala Lumpur
21,SENAWANG,Seremban Line,2.6906203,101.97177090000001,Blue,0.13489618,0.59327545,1.69244408,0.2473,0.2719,0.3448,1170,2724,7316,Kuala Lumpur
22,SUNGAI GADUT,Seremban Line,2.6604935000000003,101.9961253,Blue,0.11370632,0.54058131,1.24454468,0.2085,0.2478,0.2535,496,1792,4290,Kuala Lumpur
23,REMBAU,Seremban Line,2.6604935000000003,101.9961253,Blue,0.11370632,0.54058131,1.24454468,0.2085,0.2478,0.2535,496,1792,4290,Kuala Lumpur
24,PULAU SEBANG/TAMPIN,Seremban Line,2.4636259999999996,102.22609870000001,Blue,0.01762412,0.17022995,0.85267845,0.0323,0.078,0.1737,0,649,3013,Kuala Lumpur
25,KL SENTRAL,Seremban Line,3.134603,101.68656700000001,Blue,0.27823226,1.01348749,2.53606819,0.5101,0.4645,0.5166,1747,6918,14485,Kuala Lumpur
26,PORT KLANG,Port Klang Line,2.999459,101.391373,Red,0.32621006,0.79714751,1.54780331,0.5981,0.3654,0.3153,967,2799,6143,Kuala Lumpur
27,JALAN KASTAM,Port Klang Line,3.013,101.4026,Red,0.11046878,0.53795601,1.29715947,0.2025,0.2466,0.2643,428,2155,6110,Kuala Lumpur
28,KAMPUNG RAJA UDA,Port Klang Line,3.0201599999999997,101.41028,Red,0.10660750000000001,0.64384983,1.33522015,0.1955,0.2951,0.272,360,3876,6422,Kuala Lumpur
29,TELUK GADONG,Port Klang Line,3.03389,101.42491,Red,0.20198707,0.89181273,2.0227466,0.3703,0.4088,0.4121,1004,4820,9730,Kuala Lumpur
30,TELUK PULAI,Port Klang Line,3.0408107999999996,101.43214870000001,Red,0.24395129,1.30960395,3.05769708,0.4473,0.6003,0.6229,1028,6521,15181,Kuala Lumpur
31,KLANG,Port Klang Line,3.059611,101.613235,Red,0.03707489,0.22108196,0.77981681,0.068,0.1013,0.1589,629,1897,6360,Kuala Lumpur
32,BUKIT BADAK,Port Klang Line,3.0359966,101.470249,Red,0.15379572,0.59910964,1.2065108,0.282,0.2746,0.2458,266,2004,4103,Kuala Lumpur
33,PADANG JAWA,Port Klang Line,3.0523254,101.4927002,Red,0.08884778,0.40536444,1.24413481,0.1629,0.1858,0.2535,968,2399,5925,Kuala Lumpur
34,TANJUNG MALIM,Port Klang Line,3.6847038,101.5182181,Red,0.1070488,0.62584744,1.33726152,0.1963,0.2869,0.2724,167,1952,3949,Kuala Lumpur
35,SHAH ALAM,Port Klang Line,3.0564286,101.52511329999999,Red,0.18660114,0.65588458,1.44101731,0.3421,0.3006,0.2936,1061,3696,8359,Kuala Lumpur
36,KUANG,Port Klang Line,3.25826,101.55473,Red,0.18361411,0.67504321,1.49972089,0.3367,0.3094,0.3055,716,1930,3458,Kuala Lumpur
37,BATU TIGA,Port Klang Line,3.084048,101.658221,Red,0.10761164,0.71811103,1.69686571,0.1973,0.3292,0.3457,942,6250,14474,Kuala Lumpur
38,RAWANG,Port Klang Line,3.31885,101.57498000000001,Red,0.13660521,0.85441038,2.04634475,0.2505,0.3916,0.4169,1003,3948,8766,Kuala Lumpur
39,SUNGAI BULOH,Port Klang Line,3.199906,101.596992,Red,0.17313678,0.80285747,1.58638318,0.3174,0.368,0.3232,592,3000,7384,Kuala Lumpur
40,SUBANG JAYA,Port Klang Line,3.08466,101.588127,Red,0.09203497,0.321812,1.1513782,0.1687,0.1475,0.2346,328,1627,6225,Kuala Lumpur
41,SETIA JAYA,Port Klang Line,3.0831687000000003,101.6114441,Red,0.17371794,0.64611569,1.62531859,0.3185,0.2962,0.3311,837,3961,10017,Kuala Lumpur
42,SERENDAH,Port Klang Line,3.3760667,101.61444809999999,Red,0.04604104,0.34027096,0.86404136,0.0844,0.156,0.17600000000000002,0,791,1958,Kuala Lumpur
43,SERI SETIA,Port Klang Line,3.0845398,101.6218982,Red,0.21055564,0.95838971,2.59634847,0.386,0.4393,0.5289,2539,7959,20067,Kuala Lumpur
44,KEPONG SENTRAL,Port Klang Line,3.2086928,101.6285123,Red,0.07511641,0.39256715,1.64602341,0.1377,0.1799,0.3353,953,2905,12339,Kuala Lumpur
45,KAMPUNG DATO HARUN,Port Klang Line,3.084461,101.63227090000001,Red,0.18488481,0.79374341,1.8300464,0.33899999999999997,0.3638,0.3728,2603,8051,16551,Kuala Lumpur
46,RASA,Port Klang Line,3.5003142,101.6341973,Red,0.21241443,0.87635981,1.77151378,0.3895,0.4017,0.3609,473,2443,4381,Kuala Lumpur
47,KEPONG,Port Klang Line,3.20281,101.6374,Red,0.11611197,0.48630316,1.41677477,0.2129,0.2229,0.2886,1066,4350,12363,Kuala Lumpur
48,BATANG KALI,Port Klang Line,3.4683857000000002,101.63775190000001,Red,0.25350275,0.5826496,1.1314363,0.4648,0.2671,0.2305,519,1217,2095,Kuala Lumpur
49,KUALA KUBU BHARU,Port Klang Line,3.5532917,101.6395744,Red,0.05376949,0.39222133,1.06013488,0.0986,0.1798,0.21600000000000003,35,316,854,Kuala Lumpur
50,JALAN TEMPLER,Port Klang Line,3.08353,101.65664100000001,Red,0.07807717,0.57097745,1.52699258,0.1432,0.2617,0.3111,325,4424,13994,Kuala Lumpur
51,PETALING,Port Klang Line,3.0862146,101.66414990000001,Red,0.14296140000000002,0.53032784,1.20257125,0.2621,0.2431,0.245,1138,3841,11079,Kuala Lumpur
52,SEGAMBUT,Port Klang Line,3.1864391,101.6642105,Red,0.15579033,0.89214583,2.17071255,0.2856,0.4089,0.4422,1254,6349,17569,Kuala Lumpur
53,PANTAI DALAM,Port Klang Line,3.0956045,101.6700133,Red,0.25485059,1.004872,2.2585546,0.4673,0.4606,0.4601,2267,7144,14282,Kuala Lumpur
54,ABDULLAH HUKUM,Port Klang Line,3.118735,101.67289699999999,Red,0.06879924,0.5238393,1.56595013,0.1261,0.2401,0.319,433,3827,12063,Kuala Lumpur
55,ANGKASAPURI,Port Klang Line,3.1135062999999996,101.6732256,Red,0.02821196,0.12340055,0.41799525,0.0517,0.0566,0.0852,0,814,3284,Kuala Lumpur
56,PUTRA,Port Klang Line,3.165005,101.691234,Red,0.24300364,0.86851407,2.1587216000000002,0.4455,0.3981,0.4398,756,5526,12034,Kuala Lumpur
57,BANK NEGARA,Port Klang Line,3.1545691000000002,101.69299029999999,Red,0.27001568,1.1410543,2.66329878,0.4951,0.523,0.5426,1988,7451,15927,Kuala Lumpur
58,KUALA LUMPUR,Port Klang Line,3.1395804,101.693629,Red,0.24957902,1.13592665,2.79773503,0.4576,0.5207,0.5699,1701,7120,16524,Kuala Lumpur
59,KL SENTRAL,Port Klang Line,3.134603,101.68656700000001,Red,0.27823226,1.01348749,2.53606819,0.5101,0.4645,0.5166,1747,6918,14485,Kuala Lumpur
60,PWTC,Ampang Line,3.166563,101.69359399999999,Orange,0.33724218,1.09334887,2.50320723,0.6183,0.5012,0.5099,2186,7710,16554,Kuala Lumpur
61,SULTAN ISMAIL,Ampang Line,3.1611849999999997,101.69412700000001,Orange,0.1546662,0.80231439,2.18713898,0.2836,0.3678,0.4456,845,5572,15104,Kuala Lumpur
62,BANDARAYA,Ampang Line,3.155548,101.694406,Orange,0.33176681,1.3299142,2.97553758,0.6083,0.6096,0.6062,2141,8555,20457,Kuala Lumpur
63,TITIWANGSA,Ampang Line,3.173591,101.695273,Orange,0.37727368,1.31730172,3.24989455,0.6917,0.6038,0.6621,3133,9015,21377,Kuala Lumpur
64,SENTUL TIMUR,Ampang Line,3.185821,101.695335,Orange,0.15932879,0.98019944,2.30154847,0.2921,0.4493,0.4689,847,7814,16574,Kuala Lumpur
65,SENTUL,Ampang Line,3.178591,101.69551,Orange,0.24879704,0.9941378000000001,2.43804193,0.4562,0.4557,0.4967,1729,7021,17712,Kuala Lumpur
66,MASJID JAMEK,Ampang Line,3.1494619999999998,101.696396,Orange,0.35354969,1.52301438,3.57417472,0.6482,0.6981,0.7281,2248,10523,22370,Kuala Lumpur
67,PLAZA RAKYAT,Ampang Line,3.1442639999999997,101.702054,Orange,0.07686364,0.72877833,2.15523282,0.1409,0.33399999999999996,0.4391,456,5363,14307,Kuala Lumpur
68,HANG TUAH,Ampang Line,3.139843,101.706133,Orange,0.29995945,1.37363239,3.13635847,0.55,0.6296,0.6389,2779,9011,21086,Kuala Lumpur
69,PUDU,Ampang Line,3.13492,101.712011,Orange,0.20698176,1.14943278,2.87843455,0.3795,0.5269,0.5864,1788,7523,19977,Kuala Lumpur
70,CHAN SOW LIN,Ampang Line,3.128025,101.715546,Orange,0.08520355,0.68970727,2.00438714,0.1562,0.3161,0.4083,456,5440,15394,Kuala Lumpur
71,MIHARJA,Ampang Line,3.120931,101.717861,Orange,0.10908823,0.59371455,1.72766469,0.2,0.2721,0.35200000000000004,1020,4121,12314,Kuala Lumpur
72,MALURI,Ampang Line,3.1232759999999997,101.726946,Orange,0.12765432,0.9350726999999999,2.63536614,0.23399999999999999,0.4286,0.5369,892,6732,18943,Kuala Lumpur
73,PANDAN JAYA,Ampang Line,3.130258,101.738991,Orange,0.10372052,0.4834335,1.30700796,0.1902,0.2216,0.2663,814,6886,16566,Kuala Lumpur
74,PANDAN INDAH,Ampang Line,3.134827,101.746748,Orange,0.30964279,1.20690344,2.83987993,0.5677,0.5532,0.5785,3618,17935,40666,Kuala Lumpur
75,CEMPAKA,Ampang Line,3.138458,101.752945,Orange,0.21829926,1.06719648,2.6485886,0.4002,0.4892,0.5396,2741,14500,38505,Kuala Lumpur
76,CAHAYA,Ampang Line,3.140643,101.75660699999999,Orange,0.14038833,0.86601087,2.36282791,0.2574,0.397,0.4814,1829,12773,34832,Kuala Lumpur
77,AMPANG,Ampang Line,3.150512,101.760127,Orange,0.08700395,0.80194669,2.18438939,0.1595,0.3676,0.445,1832,11958,30937,Kuala Lumpur
78,PUTRA HEIGHTS,Sri Petaling Line,2.9959689999999997,101.575544,Maroon,0.15914785,0.86313283,2.15049166,0.2918,0.3956,0.4381,764,2387,5666,Kuala Lumpur
79,PUCHONG PRIMA,Sri Petaling Line,2.999892,101.596738,Maroon,0.31987013,1.15664441,2.21036431,0.5865,0.5302,0.4503,2655,9582,16990,Kuala Lumpur
80,PUCHONG PERDANA,Sri Petaling Line,3.007852,101.605253,Maroon,0.36440737,1.42769142,2.92087017,0.6681,0.6544,0.595,3544,13636,25927,Kuala Lumpur
81,BANDAR PUTERI,Sri Petaling Line,3.017065,101.612829,Maroon,0.28778113,0.90251369,1.70459228,0.5276,0.4137,0.3473,2377,8462,15410,Kuala Lumpur
82,TAMAN PERINDUSTRIAN PUCHONG (TPP),Sri Petaling Line,3.022811,101.613433,Maroon,0.18058166,0.52016311,0.99874736,0.3311,0.2384,0.2035,1288,4341,8805,Kuala Lumpur
83,PUSAT BANDAR PUCHONG,Sri Petaling Line,3.033284,101.61612,Maroon,0.25175232,0.98766563,2.31082803,0.4616,0.4527,0.4708,2431,8350,17657,Kuala Lumpur
84,IOI PUCHONG JAYA,Sri Petaling Line,3.048131,101.620982,Maroon,0.14368163,0.55619289,1.46526333,0.2634,0.2549,0.2985,1617,5500,12116,Kuala Lumpur
85,KINRARA,Sri Petaling Line,3.050456,101.644155,Maroon,0.09205028,0.66678646,2.00864547,0.1688,0.3056,0.4092,619,5237,14465,Kuala Lumpur
86,ALAM SUTERA,Sri Petaling Line,3.054838,101.656693,Maroon,0.15237542,0.94313668,1.96053364,0.2794,0.4323,0.3994,1025,7929,14499,Kuala Lumpur
87,MUHIBBAH,Sri Petaling Line,3.061934,101.662791,Maroon,0.31456235,0.97527387,1.99741613,0.5767,0.447,0.4069,2955,7294,14781,Kuala Lumpur
88,AWAN BESAR,Sri Petaling Line,3.0620939999999996,101.670606,Maroon,0.11328153,0.69012408,1.44079288,0.2077,0.3163,0.2935,495,5837,10761,Kuala Lumpur
89,SRI PETALING,Sri Petaling Line,3.0615330000000003,101.687067,Maroon,0.17176765,0.65973599,1.78729107,0.3149,0.3024,0.3641,629,5509,13889,Kuala Lumpur
90,BUKIT JALIL,Sri Petaling Line,3.058148,101.692216,Maroon,0.35933424,1.39635365,2.56875504,0.6588,0.64,0.5233,2502,10726,17209,Kuala Lumpur
91,PWTC,Sri Petaling Line,3.166563,101.69359399999999,Maroon,0.33724218,1.09334887,2.50320723,0.6183,0.5012,0.5099,2186,7710,16554,Kuala Lumpur
92,SULTAN ISMAIL,Sri Petaling Line,3.1611849999999997,101.69412700000001,Maroon,0.1546662,0.80231439,2.18713898,0.2836,0.3678,0.4456,845,5572,15104,Kuala Lumpur
93,BANDARAYA,Sri Petaling Line,3.155548,101.694406,Maroon,0.33176681,1.3299142,2.97553758,0.6083,0.6096,0.6062,2141,8555,20457,Kuala Lumpur
94,TITIWANGSA,Sri Petaling Line,3.173591,101.695273,Maroon,0.37727368,1.31730172,3.24989455,0.6917,0.6038,0.6621,3133,9015,21377,Kuala Lumpur
95,SENTUL TIMUR,Sri Petaling Line,3.185821,101.695335,Maroon,0.15932879,0.98019944,2.30154847,0.2921,0.4493,0.4689,847,7814,16574,Kuala Lumpur
96,SENTUL,Sri Petaling Line,3.178591,101.69551,Maroon,0.24879704,0.9941378000000001,2.43804193,0.4562,0.4557,0.4967,1729,7021,17712,Kuala Lumpur
97,MASJID JAMEK,Sri Petaling Line,3.1494619999999998,101.696396,Maroon,0.35354969,1.52301438,3.57417472,0.6482,0.6981,0.7281,2248,10523,22370,Kuala Lumpur
98,PLAZA RAKYAT,Sri Petaling Line,3.1442639999999997,101.702054,Maroon,0.07686364,0.72877833,2.15523282,0.1409,0.33399999999999996,0.4391,456,5363,14307,Kuala Lumpur
99,HANG TUAH,Sri Petaling Line,3.139843,101.706133,Maroon,0.29995945,1.37363239,3.13635847,0.55,0.6296,0.6389,2779,9011,21086,Kuala Lumpur
100,SALAK SELATAN,Sri Petaling Line,3.102009,101.706273,Maroon,0.18159136,0.6489337,1.23613699,0.3329,0.2974,0.2518,967,4385,8721,Kuala Lumpur
101,SUNGAI BESI,Sri Petaling Line,3.063949,101.707987,Maroon,0.19527194,0.86325234,1.80755973,0.358,0.3957,0.3682,1694,6322,12776,Kuala Lumpur
102,BANDAR TASIK SELATAN,Sri Petaling Line,3.0760669999999997,101.711311,Maroon,0.09621198,0.4124528,1.28215506,0.1764,0.1891,0.2612,606,3682,9890,Kuala Lumpur
103,PUDU,Sri Petaling Line,3.13492,101.712011,Maroon,0.20698176,1.14943278,2.87843455,0.3795,0.5269,0.5864,1788,7523,19977,Kuala Lumpur
104,BANDAR TUN RAZAK,Sri Petaling Line,3.089626,101.712414,Maroon,0.16106156,0.51988839,1.16625679,0.2953,0.2383,0.2376,1076,4063,8068,Kuala Lumpur
105,CHERAS,Sri Petaling Line,3.112747,101.714213,Maroon,0.22306622,0.67926493,1.48917365,0.409,0.3114,0.3034,930,4411,10629,Kuala Lumpur
106,CHAN SOW LIN,Sri Petaling Line,3.128025,101.715546,Maroon,0.08520355,0.68970727,2.00438714,0.1562,0.3161,0.4083,456,5440,15394,Kuala Lumpur
107,ALAM MEGAH,Kelana Jaya Line,3.023151,101.572029,Ruby,0.02267377,0.17516606,0.73848588,0.0416,0.0803,0.1504,0,702,4281,Kuala Lumpur
108,SUBANG ALAM,Kelana Jaya Line,3.0100700000000002,101.57208,Ruby,0.12847033,0.55438652,0.96879234,0.2355,0.2541,0.1974,0,1674,3130,Kuala Lumpur
109,PUTRA HEIGHTS,Kelana Jaya Line,2.996227,101.575462,Ruby,0.15774999,0.86589967,2.14291925,0.2892,0.3969,0.4366,501,2513,5894,Kuala Lumpur
110,USJ21,Kelana Jaya Line,3.029735,101.581854,Ruby,0.16809358,0.84586189,1.7670411,0.3082,0.3877,0.36,754,4671,10137,Kuala Lumpur
111,SS18,Kelana Jaya Line,3.066939,101.586167,Ruby,0.28003389,1.28355542,2.55634706,0.5134,0.5883,0.5208,1667,8706,15830,Kuala Lumpur
112,SS15,Kelana Jaya Line,3.075895,101.586027,Ruby,0.19492496,1.19836021,2.56852474,0.3574,0.5493,0.5233,1245,6919,16929,Kuala Lumpur
113,ARA DAMANSARA,Kelana Jaya Line,3.108452,101.58664399999999,Ruby,0.22591129,0.70439516,1.36584476,0.4142,0.3229,0.2782,1069,3654,6935,Kuala Lumpur
114,SUBANG JAYA,Kelana Jaya Line,3.0848619999999998,101.58724000000001,Ruby,0.11824999,0.50044574,1.4989333,0.2168,0.2294,0.3054,659,2946,7486,Kuala Lumpur
115,WAWASAN,Kelana Jaya Line,3.034969,101.588194,Ruby,0.28283391,1.38068874,3.05360071,0.5186,0.6329,0.6221,1939,7783,17231,Kuala Lumpur
116,TAIPAN,Kelana Jaya Line,3.0478259999999997,101.59020100000001,Ruby,0.35358716,1.38658291,3.07315564,0.6483,0.6356,0.6261,1885,8545,17672,Kuala Lumpur
117,GLENMARIE,Kelana Jaya Line,3.095902,101.590474,Ruby,0.14676752,1.09200724,2.30392579,0.2691,0.5005,0.4694,631,3721,8260,Kuala Lumpur
118,LEMBAH SUBANG,Kelana Jaya Line,3.112094,101.591034,Ruby,0.02152531,0.39645643,1.33235855,0.0395,0.1817,0.2714,0,2303,7808,Kuala Lumpur
119,USJ7,Kelana Jaya Line,3.055025,101.59190699999999,Ruby,0.27510395,1.27643156,3.04070641,0.5044,0.5851,0.6194,2002,7382,18028,Kuala Lumpur
120,KELANA JAYA,Kelana Jaya Line,3.1124970000000003,101.6043,Ruby,0.24235682,1.10126319,2.65852396,0.4444,0.5048,0.5416,1694,7588,18602,Kuala Lumpur
121,TAMAN BAHAGIA,Kelana Jaya Line,3.11079,101.61285600000001,Ruby,0.3222016,1.49388015,3.41690366,0.5907,0.6847,0.6961,2101,10379,24796,Kuala Lumpur
122,TAMAN PARAMOUNT,Kelana Jaya Line,3.104716,101.623192,Ruby,0.18799781,1.04064393,2.66858784,0.3447,0.47700000000000004,0.5436,606,5641,17305,Kuala Lumpur
123,ASIA JAYA,Kelana Jaya Line,3.104343,101.637695,Ruby,0.22266883,0.96485189,2.55299055,0.4083,0.4423,0.5201,1274,4550,12033,Kuala Lumpur
124,TAMAN JAYA,Kelana Jaya Line,3.104086,101.645248,Ruby,0.24884647,0.98989655,2.54116602,0.4563,0.4537,0.5177,824,4477,11077,Kuala Lumpur
125,UNIVERSITI,Kelana Jaya Line,3.114616,101.66163900000001,Ruby,0.25081894,1.11638015,2.15266294,0.4599,0.5117,0.4385,2000,7870,14232,Kuala Lumpur
126,KERINCHI,Kelana Jaya Line,3.1155060000000003,101.668572,Ruby,0.23236677,1.08560675,2.47394872,0.426,0.4976,0.504,1555,9145,17653,Kuala Lumpur
127,ABDULLAH HUKUM,Kelana Jaya Line,3.118735,101.67289699999999,Ruby,0.06879924,0.5238393,1.56595013,0.1261,0.2401,0.319,433,3827,12063,Kuala Lumpur
128,BANGSAR,Kelana Jaya Line,3.1275880000000003,101.679062,Ruby,0.28727626,1.19319687,2.91673712,0.5267,0.5469,0.5942,1785,7720,19391,Kuala Lumpur
129,KL SENTRAL,Kelana Jaya Line,3.134067,101.68653499999999,Ruby,0.26123897,1.03103308,2.47261526,0.479,0.4726,0.5037,1809,7646,14774,Kuala Lumpur
130,PASAR SENI,Kelana Jaya Line,3.142439,101.69530999999999,Ruby,0.29123198,1.24463438,2.97844454,0.534,0.5705,0.6068,1803,7012,18749,Kuala Lumpur
131,MASJID JAMEK,Kelana Jaya Line,3.149714,101.696815,Ruby,0.32106086,1.54427346,3.47835279,0.5887,0.7078,0.7086,2254,11635,22995,Kuala Lumpur
132,DANG WANGI,Kelana Jaya Line,3.156942,101.701975,Ruby,0.21444045,1.05942659,2.55415807,0.3932,0.4856,0.5203,1360,6810,17013,Kuala Lumpur
133,KAMPUNG BARU,Kelana Jaya Line,3.1613860000000003,101.706608,Ruby,0.17781184,1.09898814,2.67538928,0.326,0.5037,0.545,910,6545,18467,Kuala Lumpur
134,KLCC,Kelana Jaya Line,3.158935,101.713287,Ruby,0.33269748,1.29000994,2.94094972,0.61,0.5913,0.5991,2194,8305,19607,Kuala Lumpur
135,AMPANG PARK,Kelana Jaya Line,3.159894,101.71901700000001,Ruby,0.20476568,0.9643110999999999,2.27835626,0.3754,0.442,0.4641,1285,6811,15524,Kuala Lumpur
136,TAMAN MELATI,Kelana Jaya Line,3.219558,101.72197,Ruby,0.32679448,1.32617844,3.16651208,0.5992,0.6079,0.6451,3353,17809,37835,Kuala Lumpur
137,GOMBAK,Kelana Jaya Line,3.2312060000000002,101.724429,Ruby,0.09711360000000001,0.42379399999999995,1.08544313,0.1781,0.1943,0.2211,1060,2927,10573,Kuala Lumpur
138,DAMAI,Kelana Jaya Line,3.164406,101.724489,Ruby,0.16797594,0.6094222,1.63097096,0.308,0.2793,0.3323,906,3987,13043,Kuala Lumpur
139,WANGSA MAJU,Kelana Jaya Line,3.205751,101.731796,Ruby,0.020076300000000002,0.40535509999999997,1.25523608,0.0368,0.1858,0.2557,834,4834,14998,Kuala Lumpur
140,DATO' KERAMAT,Kelana Jaya Line,3.16509,101.73184,Ruby,0.29868451,1.18938463,2.80011178,0.5476,0.5452,0.5704,1767,9108,19682,Kuala Lumpur
141,JELATEK,Kelana Jaya Line,3.167204,101.735344,Ruby,0.23714405,1.14565526,2.85647793,0.4348,0.5251,0.5819,1369,8618,20997,Kuala Lumpur
142,SETIAWANGSA,Kelana Jaya Line,3.17576,101.73584,Ruby,0.23981816,0.93928982,2.3320872,0.4397,0.4305,0.4751,2023,8359,19359,Kuala Lumpur
143,SRI RAMPAI,Kelana Jaya Line,3.199176,101.73747,Ruby,0.08149613,0.61438852,1.84844813,0.1494,0.2816,0.3766,982,6286,18481,Kuala Lumpur
144,KLIA2,KLIA Ekspres,2.7445694,101.68508100000001,Purple,0.13592359,0.44272923,0.7644734999999999,0.2492,0.2029,0.1557,4,106,163,Kuala Lumpur
145,KUALA LUMPUR INTERNATIONAL AIRPORT,KLIA Ekspres,2.7549259,101.7048248,Purple,0.04992066,0.1887088,0.59148389,0.0915,0.0865,0.1205,95,137,351,Kuala Lumpur
146,KL SENTRAL,KLIA Ekspres,3.132675,101.68789100000001,Purple,0.282571,1.09211687,2.65349169,0.5181,0.5006,0.5406,1822,6876,15278,Kuala Lumpur
147,PUTRAJAYA & CYBERJAYA,KLIA Transit,2.9314193,101.67083690000001,Teal,0.28080876,0.90935294,1.71205727,0.5149,0.4168,0.3488,824,2459,4990,Kuala Lumpur
148,KLIA2,KLIA Transit,2.7445694,101.68508100000001,Teal,0.13592359,0.44272923,0.7644734999999999,0.2492,0.2029,0.1557,4,106,163,Kuala Lumpur
149,KUALA LUMPUR INTERNATIONAL AIRPORT,KLIA Transit,2.7549259,101.7048248,Teal,0.04992066,0.1887088,0.59148389,0.0915,0.0865,0.1205,95,137,351,Kuala Lumpur
150,BANDAR TASIK SELATAN,KLIA Transit,3.0760669999999997,101.711311,Teal,0.09621198,0.4124528,1.28215506,0.1764,0.1891,0.2612,606,3682,9890,Kuala Lumpur
151,SALAK TINGGI,KLIA Transit,2.8257972999999996,101.7133911,Teal,0.13187565,0.38223419,0.80806759,0.2418,0.1752,0.1646,0,346,856,Kuala Lumpur
152,KL SENTRAL,KLIA Transit,3.132675,101.68789100000001,Teal,0.282571,1.09211687,2.65349169,0.5181,0.5006,0.5406,1822,6876,15278,Kuala Lumpur
153,KL SENTRAL,KL Monorail Line,3.132675,101.68789100000001,Light Green,0.282571,1.09211687,2.65349169,0.5181,0.5006,0.5406,1822,6876,15278,Kuala Lumpur
154,TUN SAMBANTHAN,KL Monorail Line,3.131452,101.690862,Light Green,0.32216819,1.12171054,2.4697297000000002,0.5907,0.5142,0.5031,2780,6492,13569,Kuala Lumpur
155,TITIWANGSA,KL Monorail Line,3.173204,101.695964,Light Green,0.19872931,1.1069307,2.8377076,0.3644,0.5074,0.5781,1353,7344,19530,Kuala Lumpur
156,CHOW KIT,KL Monorail Line,3.167394,101.698385,Light Green,0.40916697,1.59781039,3.4585355000000004,0.7502,0.7324,0.7046,3169,11278,24638,Kuala Lumpur
157,MEDAN TUANKU,KL Monorail Line,3.159271,101.6989,Light Green,0.23397354,1.367721,2.89450107,0.429,0.6269,0.5897,913,9566,20691,Kuala Lumpur
158,MAHARAJALELA,KL Monorail Line,3.138948,101.699203,Light Green,0.18207893,0.83609601,2.31622159,0.3338,0.3832,0.4719,1053,4607,14554,Kuala Lumpur
159,BUKIT NANAS,KL Monorail Line,3.156244,101.704766,Light Green,0.30759115,1.31818673,3.18113759,0.564,0.6042,0.6481,1574,9177,22770,Kuala Lumpur
160,HANG TUAH,KL Monorail Line,3.1406810000000003,101.706037,Light Green,0.14989506,1.0102258,2.86908831,0.2748,0.4631,0.5845,345,6558,18375,Kuala Lumpur
161,IMBI,KL Monorail Line,3.1428119999999997,101.709447,Light Green,0.26908476,1.30095197,3.18807073,0.4934,0.5963,0.6495,1808,9273,22631,Kuala Lumpur
162,RAJA CHULAN,KL Monorail Line,3.150837,101.710442,Light Green,0.32843958,1.54870424,3.43811055,0.6022,0.7099,0.7004,1819,11360,23057,Kuala Lumpur
163,BUKIT BINTANG,KL Monorail Line,3.146077,101.711499,Light Green,0.36637874,1.52258909,3.43721354,0.6717,0.6979,0.7002,2258,10857,23894,Kuala Lumpur
164,KWASA SENTRAL,MRT Sungai Buloh - Kajang Line,3.169826,101.564913,Green,0.08337092,0.47777056,1.39431611,0.1529,0.21899999999999997,0.284,75,719,3570,Kuala Lumpur
165,KWASA DAMANSARA,MRT Sungai Buloh - Kajang Line,3.17615,101.57205,Green,0.14304667,0.32680685,0.77787122,0.2623,0.1498,0.1585,339,1116,4018,Kuala Lumpur
166,KAMPUNG SELAMAT,MRT Sungai Buloh - Kajang Line,3.19727,101.5785,Green,0.10847691,0.70574069,1.84313567,0.1989,0.3235,0.3755,443,3837,10650,Kuala Lumpur
167,KOTA DAMANSARA,MRT Sungai Buloh - Kajang Line,3.15013,101.57869000000001,Green,0.24301521,1.09880969,2.4039592,0.4456,0.5037,0.4897,867,4860,13078,Kuala Lumpur
168,SUNGAI BULOH,MRT Sungai Buloh - Kajang Line,3.2063330000000003,101.58173599999999,Green,0.06015653,0.25483471,0.93031178,0.1103,0.1168,0.1895,335,2132,6188,Kuala Lumpur
169,SURIAN,MRT Sungai Buloh - Kajang Line,3.14948,101.59392,Green,0.18350335,1.05479949,2.63810659,0.3364,0.4835,0.5374,1148,6108,15335,Kuala Lumpur
170,MUTIARA DAMANSARA,MRT Sungai Buloh - Kajang Line,3.1553,101.60908,Green,0.2537391,1.24189861,2.62666883,0.4652,0.5692,0.5351,1333,8722,17932,Kuala Lumpur
171,BANDAR UTAMA,MRT Sungai Buloh - Kajang Line,3.146504,101.618798,Green,0.05812919,0.34321703,1.1560063,0.1066,0.1573,0.2355,512,2452,8946,Kuala Lumpur
172,TTDI,MRT Sungai Buloh - Kajang Line,3.13613,101.63054,Green,0.21586482,1.03133178,2.21364998,0.3958,0.4727,0.451,1440,7735,15286,Kuala Lumpur
173,PHILEO DAMANSARA,MRT Sungai Buloh - Kajang Line,3.129037,101.643153,Green,0.11754646,0.81246512,1.7190148999999997,0.2155,0.3724,0.3502,316,4223,9265,Kuala Lumpur
174,PUSAT BANDAR DAMANSARA,MRT Sungai Buloh - Kajang Line,3.143323,101.662374,Green,0.16716919,0.792776,1.88394972,0.3065,0.3634,0.3838,526,5471,15246,Kuala Lumpur
175,SEMANTAN,MRT Sungai Buloh - Kajang Line,3.150982,101.66529200000001,Green,0.18153927,0.69851637,1.5214177,0.3328,0.3202,0.3099,1122,5398,12014,Kuala Lumpur
176,MUZIUM NEGARA,MRT Sungai Buloh - Kajang Line,3.13732,101.68734,Green,0.21390516,1.00576163,2.57465602,0.3922,0.461,0.5245,1031,4487,12526,Kuala Lumpur
177,PASAR SENI,MRT Sungai Buloh - Kajang Line,3.14229,101.69556,Green,0.30103121,1.23598569,2.93804371,0.5519,0.5665,0.5985,1803,7663,19341,Kuala Lumpur
178,MERDEKA,MRT Sungai Buloh - Kajang Line,3.14197,101.70205,Green,0.20341446,1.00091417,2.55486237,0.373,0.4588,0.5205,1328,6259,16047,Kuala Lumpur
179,BUKIT BINTANG,MRT Sungai Buloh - Kajang Line,3.1465,101.71095,Green,0.40743421,1.61694446,3.53382386,0.747,0.7412,0.7199,2258,10833,23359,Kuala Lumpur
180,TUN RAZAK EXCHANGE,MRT Sungai Buloh - Kajang Line,3.1424,101.72015999999999,Green,0.09877055,0.54084151,1.61326365,0.1811,0.2479,0.3287,456,3455,10160,Kuala Lumpur
181,COCHRANE,MRT Sungai Buloh - Kajang Line,3.13283,101.72296,Green,0.32171969,1.32363621,2.88430088,0.5899,0.6067,0.5876,2227,9109,19656,Kuala Lumpur
182,MALURI,MRT Sungai Buloh - Kajang Line,3.1236200000000003,101.72780999999999,Green,0.22988957,1.39069973,3.03546832,0.4215,0.6374,0.6184,1348,9829,21947,Kuala Lumpur
183,TAMAN PERTAMA,MRT Sungai Buloh - Kajang Line,3.11255,101.72936999999999,Green,0.30111587,1.37199615,2.87970501,0.5521,0.6289,0.5866,2725,10667,21264,Kuala Lumpur
184,TAMAN MIDAH,MRT Sungai Buloh - Kajang Line,3.10451,101.73219,Green,0.24658695,0.99480425,2.55413829,0.4521,0.456,0.5203,1124,8497,21709,Kuala Lumpur
185,TAMAN MUTIARA,MRT Sungai Buloh - Kajang Line,3.09099,101.74045,Green,0.15422356,0.93110482,2.39006463,0.2828,0.4268,0.4869,1666,8274,20585,Kuala Lumpur
186,TAMAN CONNAUGHT,MRT Sungai Buloh - Kajang Line,3.07917,101.74521999999999,Green,0.10901780000000001,0.49464933,1.1586145,0.1999,0.2267,0.23600000000000002,1915,3270,7640,Kuala Lumpur
187,TAMAN SUNTEX,MRT Sungai Buloh - Kajang Line,3.07158,101.76355,Green,0.17065887,0.69375911,1.57184147,0.3129,0.318,0.3202,515,6190,12308,Kuala Lumpur
188,BUKIT DUKUNG,MRT Sungai Buloh - Kajang Line,3.02641,101.77107,Green,0.08552002,0.41850527,1.02247819,0.1568,0.1918,0.2083,502,3203,6703,Kuala Lumpur
189,SRI RAYA,MRT Sungai Buloh - Kajang Line,3.0622700000000003,101.7729,Green,0.18767169,0.91200428,1.92063742,0.3441,0.418,0.3913,1005,5933,11032,Kuala Lumpur
190,BATU 11 CHERAS,MRT Sungai Buloh - Kajang Line,3.04134,101.77338,Green,0.13546985,0.67322998,1.17586881,0.2484,0.3086,0.2395,1532,5642,9647,Kuala Lumpur
191,BANDAR TUN HUSSIEN ONN,MRT Sungai Buloh - Kajang Line,3.04822,101.77511,Green,0.06215426,0.41825578,1.08940472,0.114,0.1917,0.2219,485,3502,8779,Kuala Lumpur
192,SUNGAI JERNIH,MRT Sungai Buloh - Kajang Line,3.00095,101.78386,Green,0.21858111,1.08586026,2.53917369,0.4008,0.4977,0.5173,1765,5738,10854,Kuala Lumpur
193,STADIUM KAJANG,MRT Sungai Buloh - Kajang Line,2.99451,101.78634,Green,0.31359252,1.34582422,3.40544625,0.575,0.6169,0.6938,2222,6762,18142,Kuala Lumpur
194,KAJANG,MRT Sungai Buloh - Kajang Line,2.98278,101.79028000000001,Green,0.12926259,0.61083158,1.09995471,0.237,0.28,0.2241,1622,4705,7102,Kuala Lumpur
195,TERMINAL SKYPARK,Skypark Link,3.13442,101.55543,Brown,0.06272664,0.33009262,0.75463129,0.115,0.1513,0.1537,515,2042,5552,Kuala Lumpur
196,SUBANG JAYA,Skypark Link,3.08466,101.588127,Brown,0.09203497,0.321812,1.1513782,0.1687,0.1475,0.2346,328,1627,6225,Kuala Lumpur
197,KL SENTRAL,Skypark Link,3.132675,101.68789100000001,Brown,0.282571,1.09211687,2.65349169,0.5181,0.5006,0.5406,1822,6876,15278,Kuala Lumpur
198,USJ7,BRT Sunway Line,3.05525,101.59198,Dark Green,0.2911925,1.10423381,2.84510193,0.5339,0.5061,0.5796,1633,7441,16916,Kuala Lumpur
199,SOUTH QUAY-USJ1,BRT Sunway Line,3.06162,101.59680999999999,Dark Green,0.21232131,0.47774563,1.19718294,0.3893,0.21899999999999997,0.2439,1243,3301,7606,Kuala Lumpur
200,SUNU MONASH,BRT Sunway Line,3.0653,101.60161,Dark Green,0.32477513,1.18945482,2.25366035,0.5955,0.5452,0.4591,1338,6902,13703,Kuala Lumpur
201,SUNMED,BRT Sunway Line,3.06554,101.60861,Dark Green,0.23819861,0.9588839,2.12975314,0.4367,0.4395,0.4339,1413,6760,13318,Kuala Lumpur
202,MENTARI,BRT Sunway Line,3.07613,101.61023,Dark Green,0.31464996,0.99985214,2.1030639,0.5769,0.4583,0.4284,2827,6396,12805,Kuala Lumpur
203,SUNWAY LAGOON,BRT Sunway Line,3.07065,101.61079000000001,Dark Green,0.25319603,0.80817385,1.89476671,0.4642,0.3704,0.386,1134,6050,12789,Kuala Lumpur
204,SUNWAY-SETIA JAYA,BRT Sunway Line,3.08292,101.61228,Dark Green,0.21011433,0.71166428,1.70544332,0.3852,0.3262,0.3474,1668,4791,10436,Kuala Lumpur
0,BENCOOLEN MRT STATION,Downtown Line,1.29886427,103.85037990000001,BLUE,0.32083076,1.53113113,3.41250644,0.5882,0.7018,0.6952,2610,9680,20250,Singapore
1,PROMENADE MRT STATION,Downtown Line,1.292891552,103.860846,BLUE,0.24974448,1.07176247,2.54827031,0.4579,0.4913,0.5191,227,1938,6922,Singapore
2,BUGIS MRT STATION,Downtown Line,1.299550746,103.8568623,BLUE,0.39122226,1.57435712,3.5455191,0.7173,0.7216,0.7223,1209,11791,33135,Singapore
3,MACPHERSON MRT STATION,Downtown Line,1.326076883,103.8893356,BLUE,0.35549572,1.30611486,3.0552604,0.6518,0.5987,0.6224,6351,23395,54090,Singapore
4,JALAN BESAR MRT STATION,Downtown Line,1.305403642,103.8554713,BLUE,0.40423276,1.58367389,3.59173937,0.7411,0.7259,0.7317,6389,23505,49029,Singapore
5,BAYFRONT MRT STATION,Downtown Line,1.281873788,103.8590733,BLUE,0.23860742,1.1223221,2.69327547,0.4375,0.5144,0.5487,2751,13246,25840,Singapore
6,FORT CANNING MRT STATION,Downtown Line,1.292478928,103.8443255,BLUE,0.38141276,1.52608661,3.42264795,0.6993,0.6995,0.6973,513,6628,15366,Singapore
7,EXPO MRT STATION,Downtown Line,1.335382137,103.9623407,BLUE,0.37592321,1.43187952,2.79460143,0.6892,0.6563,0.5693,6596,25491,56518,Singapore
8,DOWNTOWN MRT STATION,Downtown Line,1.27944619,103.85283559999999,BLUE,0.32682163,1.30974268,3.20105883,0.5992,0.6003,0.6521,512,3951,10583,Singapore
9,CHINATOWN MRT STATION,Downtown Line,1.284748969,103.8444484,BLUE,0.38039419,1.55531989,3.59446692,0.6974,0.7129,0.7323,6759,19441,31876,Singapore
10,NEWTON MRT STATION,Downtown Line,1.313607102,103.8378098,BLUE,0.22064463,1.23262706,3.05351361,0.4045,0.565,0.6221,1511,8777,23778,Singapore
11,TAN KAH KEE MRT STATION,Downtown Line,1.3258832090000001,103.8073292,BLUE,0.27596921,1.29668335,2.93491671,0.506,0.5944,0.5979,2036,9941,22384,Singapore
12,HILLVIEW MRT STATION,Downtown Line,1.362344869,103.7674369,BLUE,0.40386609999999995,1.50028538,2.86426427,0.7405,0.6877,0.5835,9235,34986,60945,Singapore
13,KING ALBERT PARK MRT STATION,Downtown Line,1.335665121,103.78382009999999,BLUE,0.29721442,1.15940331,2.60979625,0.5449,0.5314,0.5317,1383,7821,17618,Singapore
14,MATTAR MRT STATION,Downtown Line,1.326876715,103.8832341,BLUE,0.04368641,0.74180487,2.16183052,0.0801,0.34,0.4404,902,12914,41755,Singapore
15,UBI MRT STATION,Downtown Line,1.3299568259999999,103.8992348,BLUE,0.37988838,1.3721876,2.81125044,0.6965,0.629,0.5727,6659,26290,61588,Singapore
16,BEAUTY WORLD MRT STATION,Downtown Line,1.341223176,103.77580999999999,BLUE,0.33689349,1.26633734,3.06128666,0.6177,0.5804,0.6236,2407,11817,24560,Singapore
17,KAKI BUKIT MRT STATION,Downtown Line,1.3349673020000001,103.9084393,BLUE,0.30012209,1.1982833000000002,2.83096345,0.5503,0.5493,0.5767,9454,28168,63748,Singapore
18,TAMPINES MRT STATION,Downtown Line,1.355077429,103.94302979999999,BLUE,0.35519624,1.41948029,3.35492784,0.6512,0.6506,0.6835,6207,33348,81951,Singapore
19,BEDOK NORTH MRT STATION,Downtown Line,1.334742117,103.9179554,BLUE,0.21481487,1.04635007,2.63578254,0.3939,0.4796,0.537,6003,17756,49113,Singapore
20,BEDOK RESERVOIR MRT STATION,Downtown Line,1.33660783,103.9322077,BLUE,0.10788819,0.78198805,2.19966486,0.1978,0.3584,0.4481,2088,14781,39049,Singapore
21,BOTANIC GARDENS MRT STATION,Downtown Line,1.322423979,103.8161362,BLUE,0.25373975,1.34657377,3.28105116,0.4652,0.6172,0.6684,1643,8685,23051,Singapore
22,ROCHOR MRT STATION,Downtown Line,1.306800025,103.8496427,BLUE,0.37328935,1.4337218,3.20119296,0.6844,0.6572,0.6521,5035,17794,40982,Singapore
23,LITTLE INDIA MRT STATION,Downtown Line,1.3039164840000002,103.8524167,BLUE,0.36428131,1.55276902,3.3728589999999996,0.6679,0.7117,0.6871,6095,16793,36927,Singapore
24,STEVENS MRT STATION,Downtown Line,1.320065557,103.8260263,BLUE,0.33806044,1.45506478,3.21415779,0.6198,0.667,0.6548,2086,7545,18836,Singapore
25,BUKIT PANJANG MRT STATION,Downtown Line,1.379002117,103.7615559,BLUE,0.35140752,1.48998349,3.40376744,0.6443,0.6829999999999999,0.6934,16326,57673,136086,Singapore
26,CASHEW MRT STATION,Downtown Line,1.369369831,103.764714,BLUE,0.30217058,1.03790775,2.53479377,0.5539999999999999,0.4757,0.5164,8971,36249,77980,Singapore
27,SIXTH AVENUE MRT STATION,Downtown Line,1.330786387,103.7972561,BLUE,0.41911905,1.65000645,3.4771517,0.7684,0.7563,0.7084,3277,10764,22713,Singapore
28,UPPER CHANGI MRT STATION,Downtown Line,1.341737484,103.96143670000001,BLUE,0.25963923,1.29902357,2.85851892,0.47600000000000003,0.5954,0.5823,4078,24102,54405,Singapore
29,TELOK AYER MRT STATION,Downtown Line,1.282289536,103.84829909999999,BLUE,0.40034478,1.58489696,3.43726859,0.7340000000000001,0.7265,0.7002,3146,13365,25414,Singapore
30,TAMPINES EAST MRT STATION,Downtown Line,1.3561914830000001,103.9546005,BLUE,0.39344699,1.58401542,3.20669763,0.7214,0.7261,0.6533,11972,42117,82144,Singapore
31,TAMPINES WEST MRT STATION,Downtown Line,1.345515305,103.938408,BLUE,0.37079496,1.47464092,3.2660547,0.6798,0.6759,0.6654,7227,33254,69668,Singapore
32,GEYLANG BAHRU MRT STATION,Downtown Line,1.321505838,103.87189040000001,BLUE,0.31394972,1.17821185,2.81025303,0.5756,0.5401,0.5725,6275,24063,51604,Singapore
33,BENDEMEER MRT STATION,Downtown Line,1.313672233,103.8629702,BLUE,0.36673288,1.45935521,3.28968597,0.6724,0.6689,0.6702,7206,27319,58778,Singapore
34,BUKIT PANJANG LRT STATION,Bukit Panjang LRT,1.3779098980000002,103.76303399999999,GREY,0.27050781,1.16413859,3.02794769,0.496,0.5336,0.6168,15121,49481,121345,Singapore
35,FAJAR LRT STATION,Bukit Panjang LRT,1.3845207959999999,103.7708268,GREY,0.29378288,1.05231065,1.85520685,0.5386,0.4823,0.3779,12724,39662,69215,Singapore
36,KEAT HONG LRT STATION,Bukit Panjang LRT,1.378602766,103.74907990000001,GREY,0.33596387,1.36783022,3.09185091,0.616,0.627,0.6299,12211,60219,118533,Singapore
37,SENJA LRT STATION,Bukit Panjang LRT,1.3826922959999999,103.76238790000001,GREY,0.30124514,1.36715596,2.94481984,0.5523,0.6267,0.5999,9141,59751,121248,Singapore
38,JELAPANG LRT STATION,Bukit Panjang LRT,1.386703025,103.7645235,GREY,0.27060485,1.03631906,2.10411011,0.4961,0.475,0.4286,12115,40023,92820,Singapore
39,PETIR LRT STATION,Bukit Panjang LRT,1.3777503340000001,103.7666882,GREY,0.39712975,1.32333344,2.98010614,0.7281,0.6066,0.6071,17694,60648,132070,Singapore
40,TECK WHYE LRT STATION,Bukit Panjang LRT,1.376684679,103.75373520000001,GREY,0.26134764,1.25159535,2.75727785,0.4792,0.5737,0.5617,12639,46772,93994,Singapore
41,CHOA CHU KANG LRT STATION,Bukit Panjang LRT,1.38483636,103.7445797,GREY,0.28028084,1.2552633999999998,2.3699578,0.5139,0.5754,0.4828,12105,57397,110467,Singapore
42,SOUTH VIEW LRT STATION,Bukit Panjang LRT,1.3802982869999998,103.7453173,GREY,0.36694037,1.42343131,2.99781329,0.6728,0.6525,0.6107,26115,60252,119744,Singapore
43,PENDING LRT STATION,Bukit Panjang LRT,1.3761428830000002,103.77128809999999,GREY,0.3469751,1.41338068,3.08381551,0.6362,0.6478,0.6282,17686,58084,115321,Singapore
44,BANGKIT LRT STATION,Bukit Panjang LRT,1.3800178969999999,103.7726667,GREY,0.3237457,1.11811405,2.68331364,0.5936,0.5125,0.5466,10671,47337,91710,Singapore
45,TEN MILE JUNCTION LRT STATION,Bukit Panjang LRT,1.3803210080000001,103.760161,GREY,0.29145252,1.29016303,3.04527087,0.5344,0.5914,0.6204,11642,52170,116242,Singapore
46,PHOENIX LRT STATION,Bukit Panjang LRT,1.378618844,103.7580559,GREY,0.30467572,1.29359923,2.98146369,0.5586,0.5929,0.6074,12636,53444,108397,Singapore
47,SEGAR LRT STATION,Bukit Panjang LRT,1.387772131,103.76961709999999,GREY,0.34119790000000005,0.98764028,1.69756428,0.6256,0.4527,0.3458,12452,40019,65417,Singapore
48,OUTRAM PARK MRT STATION,North East Line,1.28140498,103.839125,PURPLE,0.30120607,1.41934521,3.22636669,0.5523,0.6506,0.6573,5047,23901,47721,Singapore
49,CLARKE QUAY MRT STATION,North East Line,1.288386024,103.84655190000001,PURPLE,0.29333324,1.34265833,3.21398706,0.5378,0.6154,0.6547,709,9681,21129,Singapore
50,DHOBY GHAUT MRT STATION,North East Line,1.2997054590000001,103.84548509999999,PURPLE,0.22607003,1.13276947,2.89470999,0.4145,0.5192,0.5897,0,3751,13117,Singapore
51,LITTLE INDIA MRT STATION,North East Line,1.3071982229999999,103.8485807,PURPLE,0.32384003,1.41821142,3.15819882,0.5937,0.6501,0.6434,4444,16092,37902,Singapore
52,POTONG PASIR MRT STATION,North East Line,1.331379525,103.869046,PURPLE,0.29099093,1.24609581,2.93188419,0.5335,0.5712,0.5973,7670,26345,56914,Singapore
53,HOUGANG MRT STATION,North East Line,1.371292292,103.8923636,PURPLE,0.27612154,1.13293124,2.61614835,0.5063,0.5193,0.5329999999999999,6678,26414,62610,Singapore
54,BOON KENG MRT STATION,North East Line,1.319395706,103.86167900000001,PURPLE,0.28898696,1.33398866,3.04643074,0.5298,0.6115,0.6206,4608,22760,57415,Singapore
55,BUANGKOK MRT STATION,North East Line,1.382877858,103.8931042,PURPLE,0.27828554,1.2181877,3.09801725,0.5102,0.5584,0.6311,13866,62448,123521,Singapore
56,HARBOURFRONT MRT STATION,North East Line,1.26547264,103.821446,PURPLE,0.39032676,1.43861496,3.24143061,0.7157,0.6594,0.6603,6464,28276,59768,Singapore
57,PUNGGOL MRT STATION,North East Line,1.4045467280000001,103.902052,PURPLE,0.17509821,1.13605388,2.34825932,0.321,0.5207,0.4784,3690,19301,38108,Singapore
58,SENGKANG MRT STATION,North East Line,1.391694626,103.8954664,PURPLE,0.29890735,1.43264901,3.17496438,0.5479999999999999,0.6567,0.6468,13912,73234,164145,Singapore
59,KOVAN MRT STATION,North East Line,1.360179171,103.8850503,PURPLE,0.34112614,1.47659836,3.30029715,0.6254,0.6768,0.6723,10290,38611,83114,Singapore
60,CHINATOWN MRT STATION,North East Line,1.284359578,103.84342420000002,PURPLE,0.24869253,1.25530822,3.14910832,0.456,0.5754,0.6415,5168,20343,36292,Singapore
61,WOODLEIGH MRT STATION,North East Line,1.339190046,103.87080809999999,PURPLE,0.31770639,1.31416863,2.99991697,0.5825,0.6024,0.6111,4457,14744,47183,Singapore
62,SERANGOON MRT STATION,North East Line,1.349707875,103.8735637,PURPLE,0.38106891,1.5580053999999999,3.33615294,0.6987,0.7141,0.6796,6716,30132,57133,Singapore
63,FARRER PARK MRT STATION,North East Line,1.31235984,103.85417170000001,PURPLE,0.16705035,1.00376902,2.55771666,0.3063,0.4601,0.5211,3425,16109,41904,Singapore
64,BRAS BASAH MRT STATION,Circle Line,1.296861687,103.8506629,YELLOW,0.40615219,1.57922438,3.51898778,0.7447,0.7239,0.7169,1814,5916,16148,Singapore
65,MACPHERSON MRT STATION,Circle Line,1.326345372,103.8902718,YELLOW,0.39032676,1.43861496,3.24143061,0.7157,0.6594,0.6603,6464,28276,59768,Singapore
66,HARBOURFRONT MRT STATION,Circle Line,1.26547264,103.821446,YELLOW,0.39032676,1.43861496,3.24143061,0.7157,0.6594,0.6603,6464,28276,59768,Singapore
67,KENT RIDGE MRT STATION,Circle Line,1.2934626329999999,103.7846438,YELLOW,0.17444122,0.88357729,2.17739107,0.3198,0.405,0.4436,1649,8279,17982,Singapore
68,ONE-NORTH MRT STATION,Circle Line,1.299759879,103.7874693,YELLOW,0.30015401,1.29382706,2.86401164,0.5503,0.593,0.5835,3323,11436,23127,Singapore
69,BISHAN MRT STATION,Circle Line,1.35130868,103.84915,YELLOW,0.23522243,1.09683119,2.32848928,0.4313,0.5028,0.4744,6074,23626,48193,Singapore
70,STADIUM MRT STATION,Circle Line,1.30284063,103.8753395,YELLOW,0.26207781,1.02459187,2.34972648,0.4805,0.4696,0.4787,4416,12986,28782,Singapore
71,BUKIT BROWN MRT STATION,Circle Line,1.333728882,103.83069029999999,YELLOW,0.13936781,0.68698045,1.57474034,0.2555,0.3149,0.3208,0,31,4019,Singapore
72,MOUNTBATTEN MRT STATION,Circle Line,1.306201905,103.8825153,YELLOW,0.44662694,1.73175627,3.83218467,0.8189,0.7938,0.7807,7158,27544,58087,Singapore
73,FARRER ROAD MRT STATION,Circle Line,1.317510612,103.8075929,YELLOW,0.21257505,1.05561514,2.65202319,0.3897,0.4839,0.5403,1822,7463,17065,Singapore
74,BUONA VISTA MRT STATION,Circle Line,1.3064916690000001,103.7906645,YELLOW,0.36649291,1.66048357,3.48092844,0.672,0.7611,0.7091,3726,13975,28770,Singapore
75,ESPLANADE MRT STATION,Circle Line,1.293321608,103.8554985,YELLOW,0.39269192,1.52046193,3.35228514,0.72,0.6969,0.6829,537,2329,11569,Singapore
76,NICOLL HIGHWAY MRT STATION,Circle Line,1.299766835,103.8636292,YELLOW,0.31185648,1.01592012,2.47894924,0.5718,0.4657,0.505,3282,9801,21232,Singapore
77,CALDECOTT MRT STATION,Circle Line,1.3376745079999999,103.8395281,YELLOW,0.05565127,0.55248069,1.70262436,0.102,0.2532,0.3469,1069,6489,18483,Singapore
78,LABRADOR PARK MRT STATION,Circle Line,1.272332732,103.8029471,YELLOW,0.35452717,1.48035562,2.77843279,0.65,0.6785,0.5660000000000001,4682,13652,25761,Singapore
79,SERANGOON MRT STATION,Circle Line,1.3505952559999999,103.87235720000001,YELLOW,0.12260258,0.91170193,2.48316445,0.2248,0.4179,0.5059,2184,16435,43073,Singapore
80,PAYA LEBAR MRT STATION,Circle Line,1.317430268,103.89216329999999,YELLOW,0.39788734,1.59739128,3.44877822,0.7295,0.7322,0.7026,4689,25697,59852,Singapore
81,BARTLEY MRT STATION,Circle Line,1.3428283380000001,103.8797462,YELLOW,0.20661844,1.07723166,2.62370187,0.3788,0.4938,0.5345,3360,13779,40550,Singapore
82,DAKOTA MRT STATION,Circle Line,1.30838264,103.888648,YELLOW,0.33600344,1.40003077,3.28430663,0.6161,0.6417,0.6691,4867,22940,51905,Singapore
83,PASIR PANJANG MRT STATION,Circle Line,1.276213523,103.79136070000001,YELLOW,0.28256859,0.87505462,1.77341498,0.5181,0.4011,0.3613,2026,9466,17657,Singapore
84,MARYMOUNT MRT STATION,Circle Line,1.348707263,103.8394214,YELLOW,0.43725735,1.41707594,3.08830592,0.8017,0.6495,0.6291,6943,22476,52436,Singapore
85,HAW PAR VILLA MRT STATION,Circle Line,1.282542157,103.78182340000001,YELLOW,0.25569524,0.91451141,1.78257608,0.4688,0.4192,0.3631,2337,9198,16829,Singapore
86,LORONG CHUAN MRT STATION,Circle Line,1.351612171,103.8641434,YELLOW,0.30815654,1.14334468,2.53296727,0.565,0.5241,0.516,7066,21830,45439,Singapore
87,DHOBY GHAUT MRT STATION,Circle Line,1.2988428159999998,103.8462358,YELLOW,0.30385473,1.35140745,3.18699557,0.5571,0.6194,0.6492,0,4273,13778,Singapore
88,TAI SENG MRT STATION,Circle Line,1.335433322,103.88818,YELLOW,0.32792069,1.39044743,3.31201172,0.6012,0.6373,0.6747,7234,31602,68435,Singapore
89,PROMENADE MRT STATION,Circle Line,1.293218051,103.8609921,YELLOW,0.24440502,1.14224964,2.59307099,0.4481,0.5236,0.5283,202,2090,7677,Singapore
90,BOTANIC GARDENS MRT STATION,Circle Line,1.3221101929999999,103.8149876,YELLOW,0.36379326,1.46785597,3.38229841,0.667,0.6728,0.6890000000000001,1940,7992,21316,Singapore
91,HOLLAND VILLAGE MRT STATION,Circle Line,1.31183479,103.79620159999999,YELLOW,0.38939618,1.40504356,3.05307922,0.7139,0.644,0.622,3774,12132,25348,Singapore
92,TELOK BLANGAH MRT STATION,Circle Line,1.270753211,103.80975440000002,YELLOW,0.23860742,1.1223221,2.69327547,0.4375,0.5144,0.5487,2751,13246,25840,Singapore
93,BAYFRONT MRT STATION,Circle Line Extension,1.281873788,103.8590733,YELLOW,0.23860742,1.1223221,2.69327547,0.4375,0.5144,0.5487,2751,13246,25840,Singapore
94,MARINA BAY MRT STATION,Circle Line Extension,1.276150637,103.85508859999999,YELLOW,0.16077712,0.92298066,2.1973163,0.2948,0.4231,0.4476,199,612,1364,Singapore
95,EXPO MRT STATION,Changi Airport Branch Line,1.334549778,103.9615134,GREEN,0.01274809,0.33871851,1.10625557,0.0234,0.1553,0.2254,0,8193,23777,Singapore
96,CHANGI AIRPORT MRT STATION,Changi Airport Branch Line,1.357314545,103.9883212,GREEN,0.08822469999999999,0.24268361,0.38469198,0.1618,0.1112,0.0784,15,46,111,Singapore
97,EUNOS MRT STATION,East West Line,1.319778952,103.9032339,GREEN,0.33049512,1.39045251,2.95437571,0.606,0.6373,0.6019,5764,27087,63940,Singapore
98,CHINESE GARDEN MRT STATION,East West Line,1.342352821,103.7326244,GREEN,0.28049632,1.30823229,2.95505109,0.5143,0.5996,0.602,1085,10176,21874,Singapore
99,REDHILL MRT STATION,East West Line,1.289562726,103.8168209,GREEN,0.33406233,1.44840732,3.2333960999999998,0.6125,0.6639,0.6587,6425,24892,49998,Singapore
100,PIONEER MRT STATION,East West Line,1.337586882,103.69735859999999,GREEN,0.37923081,1.43075665,3.18658514,0.6953,0.6558,0.6492,13038,48282,117226,Singapore
101,COMMONWEALTH MRT STATION,East West Line,1.302438735,103.7983136,GREEN,0.30792559,1.33720812,3.11416164,0.5646,0.6129,0.6344,2913,13378,24151,Singapore
102,PAYA LEBAR MRT STATION,East West Line,1.318112082,103.8930446,GREEN,0.3003659,1.39628497,3.2023587000000004,0.5507,0.64,0.6524,5456,23548,52265,Singapore
103,SIMEI MRT STATION,East West Line,1.343202895,103.9533387,GREEN,0.40118079,1.35593387,2.90635469,0.7356,0.6215,0.5921,11624,35602,67806,Singapore
104,TAMPINES MRT STATION,East West Line,1.353301356,103.94511750000001,GREEN,0.30786795,1.38960604,3.15553639,0.5645,0.6369,0.6428,8067,37943,76190,Singapore
105,PASIR RIS MRT STATION,East West Line,1.3729837740000002,103.9492348,GREEN,0.30988151,1.28243115,2.71860243,0.5682,0.5878,0.5538,5488,16565,34420,Singapore
106,CLEMENTI MRT STATION,East West Line,1.314954492,103.7653168,GREEN,0.33830562,1.36701456,3.11140538,0.6203,0.6266,0.6339,5197,23325,43521,Singapore
107,ALJUNIED MRT STATION,East West Line,1.316432612,103.88289300000001,GREEN,0.32408999,1.42235052,3.16607077,0.5942,0.652,0.645,7003,23377,53531,Singapore
108,JURONG EAST MRT STATION,East West Line,1.33315262,103.7423112,GREEN,0.14790731,0.92021224,1.93502788,0.2712,0.4218,0.3942,6636,44680,94690,Singapore
109,QUEENSTOWN MRT STATION,East West Line,1.294860933,103.8058913,GREEN,0.29842572,1.32171204,2.73769014,0.5472,0.6058,0.5577,2833,14196,31498,Singapore
110,TUAS LINK MRT STATION,East West Line,1.3404637659999998,103.6369324,GREEN,0.31364039,0.95943535,1.70657243,0.575,0.4398,0.3477,0,0,0,Singapore
111,GUL CIRCLE MRT STATION,East West Line,1.319505215,103.6605988,GREEN,0.03951637,0.10312241,0.88664949,0.0725,0.0473,0.1806,0,0,0,Singapore
112,TUAS CRESCENT MRT STATION,East West Line,1.321026553,103.6491245,GREEN,0.40002796,1.4076495,2.95478059,0.7334,0.6452,0.6019,0,0,0,Singapore
113,KALLANG MRT STATION,East West Line,1.31148891,103.87137659999999,GREEN,0.27584247,1.28775594,3.02835661,0.5057,0.5903,0.6169,4740,19677,51339,Singapore
114,TUAS WEST ROAD MRT STATION,East West Line,1.3299890890000001,103.63966620000001,GREEN,0.37443396,1.48692184,3.17909082,0.6865,0.6816,0.6476,0,0,0,Singapore
115,BUONA VISTA MRT STATION,East West Line,1.307183467,103.79020279999999,GREEN,0.06117714,0.68110763,2.10765067,0.1122,0.3122,0.4294,672,5101,17535,Singapore
116,DOVER MRT STATION,East West Line,1.311405293,103.7786522,GREEN,0.32973487,1.29668647,3.04318807,0.6046,0.5944,0.62,2647,8593,25142,Singapore
117,KEMBANGAN MRT STATION,East West Line,1.321038249,103.9129282,GREEN,0.38721209,1.59865882,3.31807505,0.7099,0.7328,0.6759999999999999,11096,39966,77451,Singapore
118,BOON LAY MRT STATION,East West Line,1.3386040540000002,103.7060994,GREEN,0.28670156,1.23355012,2.90701663,0.5257,0.5654,0.5922,7193,44422,95692,Singapore
119,BEDOK MRT STATION,East West Line,1.323979969,103.9299587,GREEN,0.30587506,1.3831632,3.23280639,0.5608,0.634,0.6586,7603,33392,78532,Singapore
120,JOO KOON MRT STATION,East West Line,1.327717173,103.6784167,GREEN,0.37675099,1.35192101,2.55257744,0.6908,0.6197,0.52,0,5201,6994,Singapore
121,LAKESIDE MRT STATION,East West Line,1.344259249,103.7209802,GREEN,0.24746583,1.19185815,2.85015809,0.4537,0.5463,0.5806,4323,31300,73437,Singapore
122,TANAH MERAH MRT STATION,East West Line,1.327187135,103.94631609999999,GREEN,0.24919145,1.23903412,2.97070154,0.4569,0.5679,0.6052,2048,15086,49299,Singapore
123,CITY HALL MRT STATION,East West Line,1.292936243,103.852581,GREEN,0.22610717,1.21292144,2.78243146,0.4146,0.556,0.5668,3247,20021,53262,Singapore
124,TANJONG PAGAR MRT STATION,East West Line,1.276521247,103.8458611,GREEN,0.35356203,1.38939346,2.7088248999999998,0.6482,0.6369,0.5518,392,12093,26985,Singapore
125,BUGIS MRT STATION,East West Line,1.3004650759999998,103.8557007,GREEN,0.3965147,1.57972833,3.63938158,0.727,0.7241,0.7414,1877,15306,33684,Singapore
126,TIONG BAHRU MRT STATION,East West Line,1.286193393,103.827021,GREEN,0.3473953,1.39108827,3.10264381,0.6369,0.6376,0.6321,4050,26334,51646,Singapore
127,LAVENDER MRT STATION,East West Line,1.30735702,103.8628215,GREEN,0.25624502,1.34925203,3.14734666,0.4698,0.6185,0.6412,4985,19826,46110,Singapore
128,RAFFLES PLACE MRT STATION,East West Line,1.284125611,103.8514572,GREEN,0.29428877,0.97678689,2.13698497,0.5396,0.4477,0.4353,10811,27782,48930,Singapore
129,OUTRAM PARK MRT STATION,East West Line,1.279764543,103.8395732,GREEN,0.40720284,1.60258792,3.45740354,0.7466,0.7346,0.7043,7426,29993,51343,Singapore
130,KHATIB MRT STATION,North South Line,1.41738337,103.83298,RED,0.26925827,1.20658632,2.9191171000000002,0.4937,0.5531,0.5947,3501,32082,64271,Singapore
131,KRANJI MRT STATION,North South Line,1.425177699,103.7621874,RED,0.15680152,0.86126554,1.99135524,0.2875,0.3948,0.4057,0,0,1452,Singapore
132,YEW TEE MRT STATION,North South Line,1.3975350180000001,103.74743070000001,RED,0.39879008,1.29953697,2.68572765,0.7312,0.5957,0.5471,20153,66924,96799,Singapore
133,ADMIRALTY MRT STATION,North South Line,1.4405850009999999,103.80099820000001,RED,0.37728026,1.47846389,3.20809132,0.6917,0.6777,0.6535,13210,59130,116021,Singapore
134,YISHUN MRT STATION,North South Line,1.4294430809999998,103.83500450000001,RED,0.31655628,1.43361786,3.18510687,0.5804,0.6571,0.6489,9025,35700,78984,Singapore
135,CHOA CHU KANG MRT STATION,North South Line,1.3853616930000001,103.74436700000001,RED,0.14790731,0.92021224,1.93502788,0.2712,0.4218,0.3942,6636,44680,94690,Singapore
136,JURONG EAST MRT STATION,North South Line,1.33315262,103.7423112,RED,0.14790731,0.92021224,1.93502788,0.2712,0.4218,0.3942,6636,44680,94690,Singapore
137,WOODLANDS MRT STATION,North South Line,1.436875128,103.78649990000001,RED,0.30854023,1.29702198,3.15445268,0.5657,0.5945,0.6426,10972,47135,117299,Singapore
138,SEMBAWANG MRT STATION,North South Line,1.449050821,103.82005040000001,RED,0.33272704,1.47306214,3.12327351,0.61,0.6752,0.6363,4652,20089,38212,Singapore
139,BUKIT BATOK MRT STATION,North South Line,1.349034109,103.74959,RED,0.31336999,1.16793905,2.93288125,0.5746,0.5353,0.5975,8716,31660,72589,Singapore
140,ANG MO KIO MRT STATION,North South Line,1.369933175,103.8495535,RED,0.31360144,1.39614903,3.22490729,0.575,0.6399,0.657,7014,33495,75209,Singapore
141,BUKIT GOMBAK MRT STATION,North South Line,1.358761857,103.75191640000001,RED,0.20174143,0.83963377,1.87384645,0.3699,0.3849,0.3817,4183,20131,39592,Singapore
142,MARSILING MRT STATION,North South Line,1.432514421,103.77409,RED,0.35522732,1.40751916,2.66392132,0.6513,0.6452,0.5427,13773,34453,68053,Singapore
143,YIO CHU KANG MRT STATION,North South Line,1.381756046,103.8449439,RED,0.22610717,1.21292144,2.78243146,0.4146,0.556,0.5668,3247,20021,53262,Singapore
144,CITY HALL MRT STATION,North South Line,1.292936243,103.852581,RED,0.22610717,1.21292144,2.78243146,0.4146,0.556,0.5668,3247,20021,53262,Singapore
145,SOMERSET MRT STATION,North South Line,1.300260055,103.83907370000001,RED,0.31278875,1.33071668,2.97167093,0.5735,0.61,0.6054,0,4469,10351,Singapore
146,ORCHARD MRT STATION,North South Line,1.303981012,103.8322417,RED,0.26354590000000006,1.29227145,3.16877684,0.4832,0.5923,0.6455,644,4087,12587,Singapore
147,MARINA BAY MRT STATION,North South Line,1.276427355,103.85459250000001,RED,0.12733045,0.85271489,2.07733175,0.2335,0.3909,0.4232,134,612,1364,Singapore
148,DHOBY GHAUT MRT STATION,North South Line,1.298701307,103.84611190000001,RED,0.29092321,1.29512364,3.08215888,0.5334,0.5936,0.6279,0,3751,13778,Singapore
149,NOVENA MRT STATION,North South Line,1.320440791,103.8438228,RED,0.32774196,1.41103514,3.27523298,0.6009,0.6468,0.6672,3949,16747,38655,Singapore
150,MARINA SOUTH PIER MRT STATION,North South Line,1.271336711,103.8628525,RED,0.3105843,1.09679385,1.98969561,0.5694,0.5027,0.4053,0,0,69,Singapore
151,BISHAN MRT STATION,North South Line,1.350838988,103.8481398,RED,0.26222574,1.38019256,2.78268556,0.4808,0.6326,0.5669,5132,26317,56758,Singapore
152,TOA PAYOH MRT STATION,North South Line,1.332628987,103.84749790000001,RED,0.25356893,1.05488899,2.54900402,0.4649,0.4835,0.5193,8202,26071,54176,Singapore
153,BRADDELL MRT STATION,North South Line,1.3404716840000002,103.8467942,RED,0.29428877,0.97678689,2.13698497,0.5396,0.4477,0.4353,10811,27782,48930,Singapore
154,RAFFLES PLACE MRT STATION,North South Line,1.284125611,103.8514572,RED,0.29428877,0.97678689,2.13698497,0.5396,0.4477,0.4353,10811,27782,48930,Singapore
155,NEWTON MRT STATION,North South Line,1.3123201,103.83798409999999,RED,0.16151010000000002,1.13855996,2.97244585,0.2961,0.5219,0.6055,634,7145,20232,Singapore
156,OASIS LRT STATION,Punggol LRT,1.402286677,103.9127036,GREY,0.20174942,1.17049947,2.69343738,0.3699,0.5365,0.5487,5269,24620,49213,Singapore
157,SAM KEE LRT STATION,Punggol LRT,1.409612685,103.9048099,GREY,0.12947608,0.64429481,1.90827543,0.2374,0.2953,0.3888,618,7704,24340,Singapore
158,PUNGGOL LRT STATION,Punggol LRT,1.4051947009999999,103.9023911,GREY,0.32442305,1.42185855,2.75608604,0.5948,0.6517,0.5615,6063,25899,44089,Singapore
159,SAMUDERA LRT STATION,Punggol LRT,1.415901719,103.9021353,GREY,0.14335177,0.7980155,1.91409605,0.2628,0.3658,0.3899,303,6923,14857,Singapore
160,NIBONG LRT STATION,Punggol LRT,1.411870458,103.9002935,GREY,0.19179456,0.9556007,2.12567033,0.3516,0.43799999999999994,0.433,3065,11198,20565,Singapore
161,SOO TECK LRT STATION,Punggol LRT,1.405088585,103.89719040000001,GREY,0.35066585,1.27480795,2.57647433,0.6429,0.5843,0.5249,4751,19467,53951,Singapore
162,KADALOOR LRT STATION,Punggol LRT,1.3995848530000001,103.9164619,GREY,0.23964457,1.00123476,2.4546874,0.4394,0.4589,0.5001,4072,21235,39589,Singapore
163,CORAL EDGE LRT STATION,Punggol LRT,1.393909226,103.9125574,GREY,0.32246328,1.19727392,2.61928736,0.5912,0.5488,0.5336,7664,30189,66488,Singapore
164,DAMAI LRT STATION,Punggol LRT,1.405234836,103.9085809,GREY,0.27496883,1.26116763,2.86620298,0.5041,0.5781,0.5839,3221,19759,42406,Singapore
165,COVE LRT STATION,Punggol LRT,1.399281985,103.9059403,GREY,0.34496908,1.44443507,3.28628154,0.6325,0.6621,0.6695,6174,46765,94864,Singapore
166,RIVIERA LRT STATION,Punggol LRT,1.3945244959999998,103.91614150000001,GREY,0.32175121,1.17722217,2.24953595,0.5899,0.5396,0.4583,6460,16379,38161,Singapore
167,MERIDIAN LRT STATION,Punggol LRT,1.396912053,103.9089277,GREY,0.24434739,1.11620031,2.77538874,0.44799999999999995,0.5116,0.5654,6170,25679,77476,Singapore
168,PUNGGOL POINT LRT STATION,Punggol LRT,1.41684852,103.90662840000002,GREY,0.27374774,0.78895855,1.40382818,0.5019,0.3616,0.28600000000000003,2185,3573,8223,Singapore
169,SUMANG LRT STATION,Punggol LRT,1.408452426,103.8985387,GREY,0.26486935,1.0214803,2.42954313,0.4856,0.4682,0.4949,4932,12659,30718,Singapore
170,TECK LEE LRT STATION,Punggol LRT,1.412770894,103.9065554,GREY,0.15856835,0.46731606,0.95571545,0.2907,0.2142,0.1947,173,2592,5853,Singapore
171,FARMWAY LRT STATION,Sengkang LRT,1.397170196,103.8892882,GREY,0.316239,1.27100393,2.70756503,0.5798,0.5826,0.5516,13148,50718,100347,Singapore
172,KUPANG LRT STATION,Sengkang LRT,1.3982128280000001,103.881242,GREY,0.26796662,0.85439594,2.16476182,0.4913,0.3916,0.441,6382,17265,62207,Singapore
173,RENJONG LRT STATION,Sengkang LRT,1.3867239219999998,103.8905227,GREY,0.27538221,1.25187503,2.85653487,0.5049,0.5738,0.5819,16414,64704,125535,Singapore
174,THANGGAM LRT STATION,Sengkang LRT,1.397318155,103.87562259999999,GREY,0.22809766,0.91093632,2.12365853,0.4182,0.4175,0.4326,1970,18927,53420,Singapore
175,LAYAR LRT STATION,Sengkang LRT,1.392079839,103.8800158,GREY,0.30385665,1.29096564,2.77706195,0.5571,0.5917,0.5657,10785,38528,80017,Singapore
176,KANGKAR LRT STATION,Sengkang LRT,1.383978902,103.90215390000002,GREY,0.27795057,1.29976231,2.96387732,0.5096,0.5958,0.6038,17789,62073,120780,Singapore
177,CHENG LIM LRT STATION,Sengkang LRT,1.396277631,103.8937792,GREY,0.35497017,1.3580285,3.11319696,0.6508,0.6225,0.6342,22865,63417,130932,Singapore
178,FERNVALE LRT STATION,Sengkang LRT,1.391885888,103.8762959,GREY,0.23677624,1.18326161,2.51546526,0.4341,0.5424,0.5124,11988,38957,65300,Singapore
179,TONGKANG LRT STATION,Sengkang LRT,1.3893479530000001,103.8858287,GREY,0.22940376,0.85480664,2.36933164,0.4206,0.3918,0.4827,10337,36951,97627,Singapore
180,BAKAU LRT STATION,Sengkang LRT,1.388092704,103.9054179,GREY,0.37261368,1.32153549,2.7270662,0.6832,0.6057,0.5556,26676,68783,123690,Singapore
181,RUMBIA LRT STATION,Sengkang LRT,1.391468497,103.9059522,GREY,0.29435137,1.08206936,2.39455926,0.5397,0.496,0.4878,11204,58621,104793,Singapore
182,COMPASSVALE LRT STATION,Sengkang LRT,1.394493046,103.90047259999999,GREY,0.31078164,1.31420945,3.02235158,0.5698,0.6024,0.6157,21654,75490,143484,Singapore
183,RANGGUNG LRT STATION,Sengkang LRT,1.3842335609999998,103.897176,GREY,0.34631443,1.44305706,3.20503196,0.635,0.6614,0.6529,24524,72921,141644,Singapore
184,SENGKANG LRT STATION,Sengkang LRT,1.391609364,103.8954243,GREY,0.29890735,1.43264901,3.17496438,0.5479999999999999,0.6567,0.6468,13912,73234,164145,Singapore
185,WOODLANDS SOUTH MRT STATION,Thomson-East Coast Line,1.427259979,103.7938631,BROWN,0.30945208,1.02912665,1.8569794999999998,0.5674,0.4717,0.3783,8389,30391,55205,Singapore
186,WOODLANDS MRT STATION,Thomson-East Coast Line,1.436066981,103.78794509999999,BROWN,0.30660389,1.44749495,3.374736,0.5621,0.6635,0.6875,13305,53475,122355,Singapore
187,WOODLANDS MRT NORTH STATION,Thomson-East Coast Line,1.4483791000000001,103.7856473,BROWN,0.03287103,0.25182782,0.72878146,0.0603,0.1154,0.1485,72,2492,5110,Singapore
0,Angrignon,Green Line,45.446238,-73.60361999999999,Green,0.37383366,1.34705782,3.1267422000000002,0.6854,0.6174,0.637,1626,7361,12499,Montreal
1,Monk,Green Line,45.451051,-73.5932,Green,0.3914287,1.43751261,3.36563703,0.7177,0.6589,0.6856,4098,13981,24154,Montreal
2,Jolicoeur,Green Line,45.456914000000005,-73.58206,Green,0.37632413,1.47242364,3.34754866,0.69,0.6749,0.682,2014,12098,34071,Montreal
3,Verdun,Green Line,45.459359,-73.57183,Green,0.38748382,1.4023828,3.11177593,0.7104,0.6428,0.6339,6780,19348,34945,Montreal
4,De L'glise,Green Line,45.462874,-73.56696,Green,0.40351709999999996,1.52110845,3.24703309,0.7398,0.6972,0.6615,5376,18163,30932,Montreal
5,LaSalle,Green Line,45.470906,-73.56614,Green,0.28849926,1.19207575,2.71295456,0.529,0.5464,0.5527,3857,9739,17807,Montreal
6,Charlevoix,Green Line,45.478395,-73.56936999999999,Green,0.42427207,1.47381578,3.33296317,0.7779,0.6755,0.679,3181,10901,26183,Montreal
7,Lionel-Groulx,Green Line,45.482757,-73.57993,Green,0.37267480000000003,1.52285143,3.52111954,0.6833,0.698,0.7173,3969,12373,30443,Montreal
8,Atwater,Green Line,45.489678999999995,-73.58631,Green,0.40749663,1.53432354,3.37244426,0.7471,0.7033,0.687,2699,20061,35734,Montreal
9,GuyConcordia,Green Line,45.495351,-73.57981,Green,0.38254458,1.52281176,3.42647288,0.7014,0.698,0.698,10093,22646,34705,Montreal
10,Peel,Green Line,45.500564000000004,-73.57502,Green,0.39522666,1.53811805,3.43075151,0.7246,0.705,0.6989,4137,8900,30479,Montreal
11,McGill,Green Line,45.504069,-73.57153000000001,Green,0.39400676,1.57145841,3.52888932,0.7224,0.7203,0.7189,730,9766,26541,Montreal
12,Place-des-Arts,Green Line,45.508037,-73.56834,Green,0.39505627,1.55739985,3.49611928,0.7243,0.7139,0.7122,1698,15020,27712,Montreal
13,Saint-Laurent,Green Line,45.510923999999996,-73.56482,Green,0.3986232,1.57319796,3.5464071,0.7309,0.7211,0.7225,3227,13222,33387,Montreal
14,BerriUQAM,Green Line,45.514946,-73.56134,Green,0.39571435,1.52175602,3.4423492999999996,0.7255,0.6975,0.7013,1952,16004,33577,Montreal
15,Beaudry,Green Line,45.519546000000005,-73.55719,Green,0.18676032,1.01708063,2.47379547,0.3424,0.4662,0.504,2871,11166,22879,Montreal
16,Papineau,Green Line,45.524049,-73.55294,Green,0.25110096,1.14510239,2.48993028,0.4604,0.5249,0.5072,2023,9553,21554,Montreal
17,Frontenac,Green Line,45.532993,-73.55248,Green,0.37973419,1.40660781,3.05483997,0.6962,0.6447,0.6223,2849,14259,26828,Montreal
18,Prfontaine,Green Line,45.541717,-73.55422,Green,0.40275467,1.46629808,3.3481547,0.7384,0.6721,0.6821,3116,15790,32403,Montreal
19,Joliette,Green Line,45.546890000000005,-73.55113,Green,0.37726783,1.51447504,3.44896379,0.6917,0.6942,0.7026,5483,18122,39727,Montreal
20,Pie-IX,Green Line,45.5542,-73.5515,Green,0.34685577,1.42659356,3.31123949,0.6359,0.6539,0.6746,2531,10830,25081,Montreal
21,Viau,Green Line,45.561211,-73.54722,Green,0.34242676,1.10265227,2.81778716,0.6278,0.5054,0.574,1846,5794,12442,Montreal
22,Assomption,Green Line,45.569165000000005,-73.54720999999999,Green,0.33127459,1.34732547,2.94403075,0.6074,0.6176,0.5998,1545,4619,10960,Montreal
23,Cadillac,Green Line,45.576839,-73.54672,Green,0.38379295,1.50054257,3.31136883,0.7037,0.6878,0.6746,4028,11568,22627,Montreal
24,Langelier,Green Line,45.58275,-73.54318,Green,0.39764963,1.53829174,3.37774206,0.7291,0.7051,0.6881,1930,11028,20409,Montreal
25,Radisson,Green Line,45.589156,-73.53941999999999,Green,0.37805018,1.46451219,3.19932524,0.6931,0.6713,0.6518,1393,4679,15992,Montreal
26,Honor-Beaugrand,Green Line,45.596409,-73.53542,Green,0.39478023,1.43501709,3.19089716,0.7238,0.6578,0.65,1321,6026,15913,Montreal
27,Cte-Vertu,Orange Line,45.514464000000004,-73.6833,Orange,0.409486,1.52482057,3.39038228,0.7508,0.6989,0.6907,4150,12391,22654,Montreal
28,Du Collge,Orange Line,45.508416,-73.67295,Orange,0.38677325,1.39950899,3.02870679,0.7091,0.6415,0.617,1548,5877,11841,Montreal
29,De La Savane,Orange Line,45.5003,-73.66161,Orange,0.26703797,1.20764753,2.85681978,0.4896,0.5535,0.5820000000000001,366,3037,6518,Montreal
30,Namur,Orange Line,45.494890999999996,-73.6529,Orange,0.40911922,1.3594442,3.04512291,0.7501,0.6231,0.6203,265,5398,15770,Montreal
31,Plamondon,Orange Line,45.494376,-73.63783000000001,Orange,0.41268376,1.54667116,3.46590275,0.7566,0.7089,0.7061,5048,26210,45848,Montreal
32,Cte-Sainte-Catherine,Orange Line,45.492307000000004,-73.63286,Orange,0.38813196,1.5024729,3.40950132,0.7116,0.6887,0.6946,6763,22751,47317,Montreal
33,Snowdon,Orange Line,45.48695,-73.62741,Orange,0.34906852,1.4289938999999998,3.21947551,0.64,0.655,0.6559,3151,13931,35180,Montreal
34,Villa-Maria,Orange Line,45.47965,-73.61971,Orange,0.38260035,1.4343523,3.30193938,0.7015,0.6575,0.6727,3527,14688,29328,Montreal
35,Vendme,Orange Line,45.473921000000004,-73.60373,Orange,0.3500844,1.26544768,2.72144646,0.6419,0.58,0.5544,1544,9057,21409,Montreal
36,Place-Saint-Henri,Orange Line,45.477191,-73.58666,Orange,0.34186343,1.29122052,2.69988571,0.6268,0.5919,0.55,3349,11295,19856,Montreal
37,Lionel-Groulx,Orange Line,45.482096999999996,-73.58071,Orange,0.17970057,1.13618352,2.93418013,0.3295,0.5208,0.5977,2362,9310,24105,Montreal
38,Georges-Vanier,Orange Line,45.488977,-73.57651,Orange,0.39934889,1.58929685,3.35129379,0.7322,0.7285,0.6827,4012,18180,34796,Montreal
39,Lucien-L'Allier,Orange Line,45.494993,-73.57096999999999,Orange,0.35178218,1.46389171,3.42504677,0.645,0.6709999999999999,0.6977,2284,9733,31775,Montreal
40,Bonaventure,Orange Line,45.498269,-73.56709000000001,Orange,0.40195145,1.5246791000000002,3.47085974,0.737,0.6989,0.7071,29,6375,17194,Montreal
41,Square-VictoriaOACI,Orange Line,45.502033000000004,-73.56312,Orange,0.37601133,1.53792079,3.42538945,0.6894,0.7049,0.6978,1257,4064,16993,Montreal
42,Place-d'Armes,Orange Line,45.506063,-73.55976,Orange,0.35873564,1.4728685,3.25939242,0.6577,0.6751,0.664,1832,6337,14875,Montreal
43,Champ-de-Mars,Orange Line,45.510082000000004,-73.55641999999999,Orange,0.32598872,1.39041645,3.10948983,0.5977,0.6373,0.6335,2105,8294,16071,Montreal
44,BerriUQAM,Orange Line,45.515757,-73.56178,Orange,0.32518096,1.42984118,3.34510542,0.5962,0.6554,0.6815,1957,16181,34360,Montreal
45,Sherbrooke,Orange Line,45.518654,-73.56809,Orange,0.36354624,1.4886983,3.4213247000000004,0.6665,0.6824,0.6970000000000001,3924,19788,38751,Montreal
46,Mont-Royal,Orange Line,45.524718,-73.58144,Orange,0.29776519,1.36187953,3.19636853,0.5459,0.6242,0.6512,4140,17278,41822,Montreal
47,Laurier,Orange Line,45.528224,-73.58861,Orange,0.08345632,0.80520038,2.3192828,0.153,0.3691,0.4725,1187,12713,29056,Montreal
48,Rosemont,Orange Line,45.531566999999995,-73.59741,Orange,0.3244336,1.3815727,3.25657345,0.5948,0.6333,0.6634,1588,12341,31346,Montreal
49,Beaubien,Orange Line,45.535146000000005,-73.60458,Orange,0.34680237,1.41828756,3.19117851,0.6358,0.6501,0.6501,5552,17909,34880,Montreal
50,Jean-Talon,Orange Line,45.539233,-73.61383000000001,Orange,0.38793811,1.51911249,3.41546281,0.7113,0.6963,0.6958,5424,20795,43673,Montreal
51,Jarry,Orange Line,45.543240999999995,-73.62866,Orange,0.39087348,1.5225503,3.45254993,0.7167,0.6979,0.7033,6278,21940,34746,Montreal
52,Crmazie,Orange Line,45.546085999999995,-73.63883,Orange,0.39125509999999997,1.56619971,3.51138988,0.7174,0.7179,0.7153,3713,14580,30105,Montreal
53,Sauv,Orange Line,45.550862,-73.6557,Orange,0.41350870000000006,1.52848107,3.4572342000000003,0.7582,0.7006,0.7043,2133,9822,21634,Montreal
54,Henri-Bourassa,Orange Line,45.554477,-73.66815,Orange,0.36868676,1.44221315,2.99464234,0.6759999999999999,0.6611,0.6101,1173,8888,19195,Montreal
55,Cartier,Orange Line,45.559843,-73.68202,Orange,0.29508840000000003,1.15283976,2.47120248,0.541,0.5284,0.5034,422,5505,11520,Montreal
56,De La Concorde,Orange Line,45.560685,-73.70956,Orange,0.34035555,1.43575701,3.31174075,0.624,0.6581,0.6747,2508,8470,19066,Montreal
57,Montmorency,Orange Line,45.558285999999995,-73.72153,Orange,0.35036949,1.28787609,2.7090947,0.6424,0.5903,0.5519,151,3410,9675,Montreal
58,Snowdon,Blue Line,45.486948,-73.62734,Blue,0.34906852,1.4289938999999998,3.21947551,0.64,0.655,0.6559,3151,13931,35180,Montreal
59,Cte-des-Neiges,Blue Line,45.496651,-73.62349,Blue,0.39640117,1.4847229,3.42398027,0.7268,0.6805,0.6975,4261,16444,37030,Montreal
60,Universit-de-Montral,Blue Line,45.503452,-73.61756,Blue,0.29979778,1.28917157,3.13866382,0.5497,0.5909,0.6394,1090,8192,22826,Montreal
61,douard-Montpetit,Blue Line,45.510131,-73.61256,Blue,0.34585941,1.39858267,3.18270198,0.6341,0.6411,0.6484,1417,5897,14457,Montreal
62,Outremont,Blue Line,45.520087,-73.6149,Blue,0.37597107,1.48556951,3.41726693,0.6893,0.6809,0.6962,3767,14328,29863,Montreal
63,Acadie,Blue Line,45.52322,-73.62377,Blue,0.38903384,1.5534956,3.37719553,0.7133,0.7121,0.688,3071,12996,30986,Montreal
64,Parc,Blue Line,45.530434,-73.62445,Blue,0.33710517,1.23656434,2.96245959,0.6181,0.5668,0.6035,5933,16952,28514,Montreal
65,De Castelnau,Blue Line,45.535284000000004,-73.62003,Blue,0.40669168,1.50813383,3.32103431,0.7457,0.6913,0.6766,3149,14514,34692,Montreal
66,Jean-Talon,Blue Line,45.539497,-73.61335,Blue,0.38816969,1.5111252,3.42973777,0.7117,0.6926,0.6987,4407,19351,42511,Montreal
67,Fabre,Blue Line,45.546727000000004,-73.60792,Blue,0.39178688,1.51081916,3.35266966,0.7183,0.6925,0.6829999999999999,5007,21516,43712,Montreal
68,D'Iberville,Blue Line,45.553078,-73.60226999999999,Blue,0.39208831,1.53222806,3.48200766,0.7189,0.7023,0.7093,4854,16359,40443,Montreal
69,Saint-Michel,Blue Line,45.559813,-73.59994,Blue,0.3750088,1.5281948,3.47871553,0.6876,0.7005,0.7087,3847,16371,30414,Montreal
70,BerriUQAM,Yellow Line,45.515027,-73.56126,Yellow,0.39571435,1.52175602,3.4423492999999996,0.7255,0.6975,0.7013,1952,16004,33577,Montreal
71,Jean-Drapeau,Yellow Line,45.512434999999996,-73.53317,Yellow,0.35786694,1.24915759,2.07365564,0.6561,0.5726,0.4224,0,0,0,Montreal
72,LongueuilUniversit-de-Sherbrooke,Yellow Line,45.524966,-73.52197,Yellow,0.27406334,0.86914759,1.87772188,0.5025,0.3984,0.3825,3288,4240,7946,Montreal
